Company;Valuation;Date Joined;Industry;City;Country;Continent;Year Founded;Funding
Bytedance;$180B;07.04.2017;Artificial intelligence;Beijing;China;Asia;2012;$8B
SpaceX;$100B;01.12.2012;Other;Hawthorne;United States;North America;2002;$7B
SHEIN;$100B;03.07.2018;E-commerce & direct-to-consumer;Shenzhen;China;Asia;2008;$2B
Stripe;$95B;23.01.2014;Fintech;San Francisco;United States;North America;2010;$2B
Klarna;$46B;12.12.2011;Fintech;Stockholm;Sweden;Europe;2005;$4B
Canva;$40B;08.01.2018;Internet software & services;Surry Hills;Australia;Oceania;2012;$572M
Checkout.com;$40B;02.05.2019;Fintech;London;United Kingdom;Europe;2012;$2B
Instacart;$39B;30.12.2014;Supply chain, logistics, & delivery;San Francisco;United States;North America;2012;$3B
JUUL Labs;$38B;20.12.2017;Consumer & retail;San Francisco;United States;North America;2015;$14B
Databricks;$38B;05.02.2019;Data management & analytics;San Francisco;United States;North America;2013;$3B
Revolut;$33B;26.04.2018;Fintech;London;United Kingdom;Europe;2015;$2B
Epic Games;$32B;26.10.2018;Other;Cary;United States;North America;1991;$7B
FTX;$32B;20.07.2021;Fintech;;Bahamas;North America;2018;$2B
Fanatics;$27B;06.06.2012;E-commerce & direct-to-consumer;Jacksonville;United States;North America;2002;$4B
Chime;$25B;05.03.2019;Fintech;San Francisco;United States;North America;2013;$2B
BYJU's;$22B;25.07.2017;Edtech;Bengaluru;India;Asia;2008;$4B
J&T Express;$20B;07.04.2021;Supply chain, logistics, & delivery;Jakarta;Indonesia;Asia;2015;$5B
Xiaohongshu;$20B;31.03.2016;E-commerce & direct-to-consumer;Shanghai;China;Asia;2013;$918M
Miro;$18B;05.01.2022;Internet software & services;San Francisco;United States;North America;2011;$476M
Yuanfudao;$17B;31.05.2017;Edtech;Beijing;China;Asia;2012;$4B
Rapyd;$15B;03.12.2019;Fintech;London;United Kingdom;Europe;2016;$770M
Discord;$15B;20.04.2018;Internet software & services;San Francisco;United States;North America;2012;$979M
Genki Forest;$15B;01.03.2020;Consumer & retail;Beijing;China;Asia;2016;$721M
goPuff;$15B;08.10.2020;E-commerce & direct-to-consumer;Philadelphia;United States;North America;2013;$3B
Blockchain.com;$14B;17.02.2021;Fintech;London;United Kingdom;Europe;2011;$490M
Plaid;$13B;11.12.2018;Fintech;San Francisco;United States;North America;2012;$734M
Devoted Health;$13B;16.10.2018;Health;Waltham;United States;North America;2017;$2B
OpenSea;$13B;20.07.2021;E-commerce & direct-to-consumer;New York;United States;North America;2017;$427M
Grammarly;$13B;10.10.2019;Internet software & services;San Francisco;United States;North America;2009;$400M
Argo AI;$12B;12.07.2019;Artificial intelligence;Pittsburgh;United States;North America;2016;$4B
Northvolt;$12B;12.06.2019;Other;Stockholm;Sweden;Europe;2016;$4B
Faire;$12B;30.10.2019;Artificial intelligence;San Francisco;United States;North America;2017;$1B
Airtable;$12B;15.11.2018;Internet software & services;San Francisco;United States;North America;2013;$1B
Brex;$12B;05.10.2018;Fintech;San Francisco;United States;North America;2017;$1B
Getir;$12B;26.03.2021;E-commerce & direct-to-consumer;Istanbul;Turkey;Europe;2015;$2B
Biosplice Therapeutics;$12B;06.08.2018;Health;San Diego;United States;North America;2008;$799M
Bitmain;$12B;06.07.2018;Hardware;Beijing;China;Asia;2015;$765M
GoodLeap;$12B;13.10.2021;Internet software & services;Roseville;United States;North America;2003;$800M
Xingsheng Selected;$12B;22.07.2020;E-commerce & direct-to-consumer;Changsha;China;Asia;2009;$5B
ZongMu Technology;$11B;03.06.2021;Auto & transportation;Shanghai;China;Asia;2013;$376M
Bolt;$11B;29.05.2018;Auto & transportation;Tallinn;Estonia;Europe;2013;$1B
Swiggy;$11B;21.06.2018;Supply chain, logistics, & delivery;Bengaluru;India;Asia;2014;$5B
Weilong Foods;$11B;08.05.2021;Consumer & retail;Luohe;China;Asia;1999;$558M
Global Switch;$11B;22.12.2016;Hardware;London;United Kingdom;Europe;1998;$5B
Bolt;$11B;08.10.2021;Fintech;San Francisco;United States;North America;2014;$1B
Celonis;$11B;26.06.2018;Data management & analytics;Munich;Germany;Europe;2011;$1B
Zuoyebang;$10B;18.07.2018;Edtech;Beijing;China;Asia;2014;$3B
Ripple;$10B;20.12.2019;Fintech;San Francisco;United States;North America;2012;$294M
OYO Rooms;$10B;25.09.2018;Travel;Gurugram;India;Asia;2012;$3B
OutSystems;$10B;05.06.2018;Internet software & services;Boston;United States;North America;2001;$572M
ServiceTitan;$10B;14.11.2018;Internet software & services;Glendale;United States;North America;2012;$1B
Alchemy;$10B;28.10.2021;Fintech;San Francisco;United States;North America;2017;$564M
Chehaoduo;$10B;12.03.2016;E-commerce & direct-to-consumer;Beijing;China;Asia;2015;$4B
Digital Currency Group;$10B;01.11.2021;Fintech;New York;United States;North America;2015;$1B
Figma;$10B;30.04.2020;Internet software & services;San Francisco;United States;North America;2012;$333M
Gusto;$10B;18.12.2015;Fintech;San Francisco;United States;North America;2011;$691M
Lalamove;$10B;21.02.2019;Supply chain, logistics, & delivery;Cheung Sha Wan;Hong Kong;Asia;2013;$2B
Notion Labs;$10B;01.04.2020;Internet software & services;San Francisco;United States;North America;2016;$343M
reddit;$10B;31.07.2017;Internet software & services;San Francisco;United States;North America;2005;$1B
Talkdesk;$10B;03.10.2018;Internet software & services;San Francisco;United States;North America;2011;$497M
Thrasio;$10B;15.07.2020;Other;Walpole;United States;North America;2018;$2B
Dunamu;$9B;22.07.2021;Fintech;Seoul;South Korea;Asia;2012;$71M
Yanolja;$9B;10.06.2019;Travel;Seoul;South Korea;Asia;2005;$2B
Pony.ai;$9B;11.07.2018;Artificial intelligence;Fremont;United States;North America;2016;$1B
Nuro;$9B;11.02.2019;Auto & transportation;Mountain View;United States;North America;2016;$2B
Snyk;$9B;21.01.2020;Cybersecurity;Boston;United States;North America;2015;$1B
Kavak;$9B;01.10.2020;E-commerce & direct-to-consumer;Lerma de Villada;Mexico;North America;2016;$2B
N26;$9B;10.01.2019;Fintech;Berlin;Germany;Europe;2013;$2B
Klaviyo;$9B;17.11.2020;Internet software & services;Boston;United States;North America;2012;$679M
Niantic;$9B;24.11.2017;Mobile & telecommunications;San Francisco;United States;North America;2015;$770M
Tanium;$9B;31.03.2015;Cybersecurity;Kirkland;United States;North America;2007;$775M
Dream11;$8B;09.04.2019;Internet software & services;Mumbai;India;Asia;2007;$2B
DJI Innovations;$8B;23.01.2015;Hardware;Shenzhen;China;Asia;2006;$105M
Netskope;$8B;13.11.2018;Cybersecurity;Santa Clara;United States;North America;2012;$1B
Razorpay;$8B;11.10.2020;Fintech;Bengaluru;India;Asia;2013;$742M
Dapper Labs;$8B;30.03.2021;Fintech;Vancouver;Canada;North America;2018;$607M
Lacework;$8B;07.01.2021;Cybersecurity;San Jose;United States;North America;2015;$2B
Tipalti;$8B;06.10.2020;Fintech;San Mateo;United States;North America;2010;$549M
Hopin;$8B;10.11.2020;Internet software & services;London;United Kingdom;Europe;2019;$1B
Caris Life Sciences;$8B;12.05.2021;Health;Irving;United States;North America;1996;$1B
Ramp;$8B;29.03.2021;Fintech;New York;United States;North America;2019;$660M
Tempus;$8B;21.03.2018;Health;Chicago;United States;North America;2015;$820M
Fireblocks;$8B;27.07.2021;Fintech;New York;United States;North America;2018;$1B
Flexport;$8B;30.04.2018;Supply chain, logistics, & delivery;San Francisco;United States;North America;2013;$2B
National Stock Exchange of India;$7B;01.07.2020;Fintech;Mumbai;India;Asia;1998;$297M
Meicai;$7B;22.06.2016;Mobile & telecommunications;Beijing;China;Asia;2014;$1B
Impossible Foods;$7B;13.05.2019;Consumer & retail;Redwood City;United States;North America;2011;$2B
CRED;$7B;06.04.2021;Fintech;Bengaluru;India;Asia;2018;$922M
Attentive;$7B;23.09.2020;Mobile & telecommunications;Hoboken;United States;North America;2016;$863M
Ola Cabs;$7B;27.10.2014;Auto & transportation;Bengaluru;India;Asia;2010;$4B
Rippling;$7B;04.08.2020;Internet software & services;San Francisco;United States;North America;2017;$447M
Carta;$7B;06.05.2019;Fintech;San Francisco;United States;North America;2012;$1B
Toss;$7B;09.12.2018;Fintech;Seoul;South Korea;Asia;2013;$844M
Ziroom;$7B;17.01.2018;E-commerce & direct-to-consumer;Beijing;China;Asia;2011;$2B
Scale AI;$7B;05.08.2019;Artificial intelligence;San Francisco;United States;North America;2018;$603M
Gong;$7B;12.08.2020;Artificial intelligence;Palo Alto;United States;North America;2015;$583M
TripActions;$7B;08.11.2018;Travel;Palo Alto;United States;North America;2015;$912M
1Password;$7B;08.07.2021;Cybersecurity;Toronto;Canada;North America;2005;$920M
Automation Anywhere;$7B;02.07.2018;Artificial intelligence;San Jose;United States;North America;2003;$849M
Gemini;$7B;19.11.2021;Fintech;New York;United States;North America;2015;$424M
ConsenSys;$7B;17.11.2021;Fintech;New York;United States;North America;2014;$660M
Ro;$7B;27.07.2020;Health;New York;United States;North America;2017;$1B
Black Unicorn Factory;$6B;20.05.2021;Other;Los Angeles;United States;North America;2020;$645M
Easyhome;$6B;12.02.2018;Consumer & retail;Beijing;China;Asia;1999;$2B
WeDoctor;$6B;22.09.2015;Health;Hangzhou;China;Asia;2010;$1B
SVOLT;$6B;08.06.2020;Auto & transportation;Changzhou;China;Asia;2018;$3B
Airwallex;$6B;25.03.2019;Fintech;Melbourne;Australia;Oceania;2015;$802M
Deel;$6B;21.04.2021;Fintech;San Francisco;United States;North America;2018;$629M
Mambu;$6B;06.01.2021;Fintech;Amsterdam;Netherlands;Europe;2011;$448M
Mollie;$6B;08.09.2020;Fintech;Amsterdam;Netherlands;Europe;2004;$928M
Doctolib;$6B;19.03.2019;Health;Paris;France;Europe;2013;$815M
FiveTran;$6B;30.06.2020;Data management & analytics;Oakland;United States;North America;2012;$728M
Postman;$6B;11.06.2020;Internet software & services;San Francisco;United States;North America;2014;$433M
Back Market;$6B;18.05.2021;E-commerce & direct-to-consumer;Paris;France;Europe;2014;$1B
Cityblock Health;$6B;10.12.2020;Health;Brooklyn;United States;North America;2017;$891M
DataRobot;$6B;29.07.2019;Artificial intelligence;Boston;United States;North America;2012;$1B
Personio;$6B;19.01.2021;Internet software & services;Munich;Germany;Europe;2015;$524M
RELEX Solutions;$6B;17.02.2022;Supply chain, logistics, & delivery;Helsinki;Finland;Europe;2005;$803M
Vice Media;$6B;02.04.2011;Internet software & services;Brooklyn;United States;North America;1994;$1B
Workato;$6B;12.01.2021;Internet software & services;Mountain View;United States;North America;2013;$415M
Upgrade;$6B;12.02.2018;Fintech;San Francisco;United States;North America;2016;$587M
Lianjia;$6B;07.04.2016;E-commerce & direct-to-consumer;Beijing;China;Asia;2001;$1B
Hinge Health;$6B;06.01.2021;Health;San Francisco;United States;North America;2015;$826M
Lyra Health;$6B;25.08.2020;Health;Burlingame;United States;North America;2015;$910M
Benchling;$6B;14.04.2021;Internet software & services;San Francisco;United States;North America;2012;$412M
Better.com;$6B;10.11.2020;Fintech;New York;United States;North America;2018;$405M
iCapital Network;$6B;27.07.2021;Fintech;New York;United States;North America;2013;$729M
Wiz;$6B;17.03.2021;Cybersecurity;Tel Aviv;Israel;Asia;2020;$600M
DailyHunt;$5B;22.12.2020;Internet software & services;Bengaluru;India;Asia;2007;$869M
Howden Group Holdings;$5B;29.09.2020;Other;London;United Kingdom;Europe;1994;$187M
Meesho;$5B;05.04.2021;Internet software & services;Bengaluru;India;Asia;2015;$1B
Meizu Technology;$5B;23.07.2014;Hardware;Zhuhai;China;Asia;2003;$943M
CloudWalk Technology;$5B;08.10.2018;Artificial intelligence;Guangzhou;China;Asia;2015;$514M
Royole Corporation;$5B;18.08.2015;Hardware;Shenzhen;China;Asia;2012;$492M
Monzo;$5B;31.10.2018;Fintech;London;United Kingdom;Europe;2015;$1B
Socure;$5B;16.03.2021;Cybersecurity;New York;United States;North America;2012;$644M
VIPKid;$5B;04.08.2016;Edtech;Beijing;China;Asia;2013;$1B
Vinted;$5B;27.11.2019;E-commerce & direct-to-consumer;Vilnius;Lithuania;Europe;2008;$562M
Lendable;$5B;31.03.2021;Fintech;London;United Kingdom;Europe;2014;$286M
UBTECH Robotics;$5B;25.07.2016;Hardware;Shenzhen;China;Asia;2012;$943M
Anduril;$5B;11.09.2019;Artificial intelligence;Irvine;United States;North America;2017;$691M
Checkr;$5B;19.09.2019;Internet software & services;San Francisco;United States;North America;2014;$559M
Color;$5B;04.01.2021;Health;Burlingame;United States;North America;2013;$497M
Dataiku;$5B;04.12.2019;Internet software & services;New York;United States;North America;2013;$647M
BetterUp;$5B;25.02.2021;Internet software & services;San Francisco;United States;North America;2013;$567M
Pleo;$5B;06.07.2021;Fintech;Copenhagen;Denmark;Europe;2015;$428M
Trade Republic;$5B;20.05.2021;Fintech;Berlin;Germany;Europe;2015;$996M
Chipone;$5B;16.12.2021;Hardware;Beijing;China;Asia;2008;$1B
Collibra;$5B;29.01.2019;Data management & analytics;Brussels;Belgium;Europe;2008;$596M
Rappi;$5B;31.08.2018;Supply chain, logistics, & delivery;Bogota;Colombia;South America;2015;$2B
6Sense;$5B;30.03.2021;Artificial intelligence;San Francisco;United States;North America;2013;$426M
Cerebral;$5B;10.06.2021;Health;San Francisco;United States;North America;2020;$462M
Creditas;$5B;18.12.2020;Fintech;Sao Paulo;Brazil;South America;2012;$824M
OneTrust;$5B;11.07.2019;Internet software & services;Atlanta;United States;North America;2016;$926M
QuintoAndar;$5B;09.09.2019;E-commerce & direct-to-consumer;Campinas;Brazil;South America;2012;$755M
C6 Bank;$5B;02.12.2020;Fintech;Sao Paulo;Brazil;South America;2018;$2B
Cockroach Labs;$5B;12.01.2021;Data management & analytics;New York;United States;North America;2015;$633M
Hopper;$5B;24.03.2021;Travel;Montreal;Canada;North America;2007;$599M
Icertis;$5B;17.07.2019;Artificial intelligence;Bellevue;United States;North America;2009;$371M
Moon Active;$5B;26.01.2020;Mobile & telecommunications;Tel Aviv;Israel;Asia;2011;$425M
OfBusiness;$5B;31.07.2021;E-commerce & direct-to-consumer;Gurgaon;India;Asia;2015;$734M
Ola Electric Mobility;$5B;02.07.2019;Auto & transportation;Bengaluru;India;Asia;2019;$761M
Pine Labs;$5B;24.01.2020;Fintech;Noida;India;Asia;1998;$903M
Qonto;$5B;11.01.2022;Fintech;Paris;France;Europe;2016;$704M
SambaNova Systems;$5B;13.04.2021;Data management & analytics;Palo Alto;United States;North America;2017;$1B
United Imaging Healthcare;$5B;15.09.2017;Health;Shanghai;China;Asia;2011;$503M
WM Motor;$5B;08.03.2019;Auto & transportation;Shanghai;China;Asia;2015;$4B
ZEPZ;$5B;23.08.2021;Fintech;London;United Kingdom;Europe;2010;$655M
Abogen;$4B;29.11.2021;Health;Suzhou;China;Asia;2019;$1B
Greensill;$4B;16.07.2018;Fintech;London;United Kingdom;Europe;2011;$2B
HyalRoute;$4B;26.05.2020;Mobile & telecommunications;;Singapore;Asia;2015;$263M
Radiology Partners;$4B;26.02.2018;Health;El Segundo;United States;North America;2012;$1B
Yello Mobile;$4B;11.11.2014;Mobile & telecommunications;Seoul;South Korea;Asia;2012;$216M
Turing;$4B;20.12.2021;Internet software & services;Palo Alto;United States;North America;2018;$128M
Lenskart;$4B;20.12.2019;E-commerce & direct-to-consumer;Faridabad;India;Asia;2008;$776M
Kraken;$4B;25.06.2019;Fintech;San Francisco;United States;North America;2011;$119M
Horizon Robotics;$4B;27.02.2019;Artificial intelligence;Beijing;China;Asia;2015;$2B
MoonPay;$4B;22.11.2021;Fintech;Miami;United States;North America;2019;$555M
Celsius Network;$4B;12.10.2021;Fintech;Hoboken;United States;North America;2017;$864M
ChargeBee Technologies;$4B;20.04.2021;Fintech;Walnut;United States;North America;2011;$468M
Coalition;$4B;17.03.2021;Cybersecurity;San Francisco;United States;North America;2017;$505M
Commure;$4B;16.09.2021;Internet software & services;San Francisco;United States;North America;2017;$542M
Flock Safety;$4B;13.07.2021;Hardware;Atlanta;United States;North America;2017;$381M
Handshake;$4B;12.05.2021;Internet software & services;San Francisco;United States;North America;2014;$434M
Highspot;$4B;22.02.2021;Internet software & services;Seattle;United States;North America;2013;$643M
Indigo Ag;$4B;26.09.2017;Artificial intelligence;Boston;United States;North America;2014;$1B
Mirakl;$4B;22.09.2020;E-commerce & direct-to-consumer;Paris;France;Europe;2011;$948M
Rec Room;$4B;23.03.2021;Internet software & services;Seattle;United States;North America;2016;$294M
Tekion;$4B;21.10.2020;Internet software & services;San Ramon;United States;North America;2016;$435M
Otto Bock HealthCare;$4B;24.06.2017;Health;Duderstadt;Germany;Europe;1919;$0M
Outreach;$4B;16.04.2019;Internet software & services;Seattle;United States;North America;2011;$489M
WeRide;$4B;23.12.2020;Auto & transportation;Guangzhou;China;Asia;2017;$1B
Applied Intuition;$4B;22.10.2020;Data management & analytics;Sunnyvale;United States;North America;2017;$352M
Course Hero;$4B;12.02.2020;Edtech;Redwood City;United States;North America;2006;$477M
Relativity;$4B;18.03.2021;Internet software & services;Chicago;United States;North America;2001;$125M
Whoop;$4B;28.10.2020;E-commerce & direct-to-consumer;Boston;United States;North America;2012;$404M
Arctic Wolf Networks;$4B;22.10.2020;Cybersecurity;Eden Prairie;United States;North America;2012;$498M
GOAT;$4B;23.09.2020;E-commerce & direct-to-consumer;Culver City;United States;North America;2015;$493M
Noom;$4B;24.05.2021;Health;New York;United States;North America;2006;$657M
Papaya Global;$4B;04.03.2021;Internet software & services;New York;United States;North America;2016;$440M
Redwood Materials;$4B;28.07.2021;Other;Carson City;United States;North America;2017;$792M
ShareChat;$4B;08.04.2021;Internet software & services;Bengaluru;India;Asia;2015;$1B
Sorare;$4B;21.09.2021;E-commerce & direct-to-consumer;Paris;France;Europe;2019;$739M
VAST Data;$4B;16.04.2020;Data management & analytics;New York;United States;North America;2016;$263M
Articulate;$4B;01.07.2021;Edtech;New York;United States;North America;2015;$2B
Dutchie;$4B;16.03.2021;E-commerce & direct-to-consumer;Bend;United States;North America;2017;$603M
FalconX;$4B;10.08.2021;Fintech;San Mateo;United States;North America;2018;$324M
Guild Education;$4B;13.11.2019;Internet software & services;Denver;United States;North America;2015;$379M
Chainalysis;$4B;23.11.2020;Fintech;New York;United States;North America;2014;$367M
dbt Labs;$4B;30.06.2021;Data management & analytics;Philadelphia;United States;North America;2016;$414M
Globalization Partners;$4B;24.01.2022;Internet software & services;Boston;United States;North America;2012;$350M
Intarcia Therapeutics;$4B;01.04.2014;Health;Boston;United States;North America;1995;$1B
Relativity Space;$4B;23.11.2020;Other;Inglewood;United States;North America;2016;$1B
StockX;$4B;26.06.2019;E-commerce & direct-to-consumer;Detroit;United States;North America;2016;$495M
ThoughtSpot;$4B;08.05.2018;Internet software & services;Sunnyvale;United States;North America;2012;$664M
SSENSE;$4B;08.06.2021;E-commerce & direct-to-consumer;Montreal;Canada;North America;2003;Unknown
BitPanda;$4B;16.03.2021;Fintech;Vienna;Austria;Europe;2014;$546M
Dataminr;$4B;04.06.2018;Artificial intelligence;New York;United States;North America;2009;$1B
Weee!;$4B;16.03.2021;Supply chain, logistics, & delivery;Fremont;United States;North America;2015;$864M
Medlinker;$4B;31.07.2018;Health;Chengdu;China;Asia;2014;$761M
Hozon Auto;$4B;22.02.2022;Auto & transportation;Shanghai;China;Asia;2014;$2B
Aurora Solar;$4B;24.05.2021;Internet software & services;San Francisco;United States;North America;2013;$523M
Branch;$4B;10.09.2018;Mobile & telecommunications;Redwood City;United States;North America;2014;$667M
BrowserStack;$4B;16.06.2021;Internet software & services;Dublin;Ireland;Europe;2011;$250M
Cerebras Systems;$4B;14.11.2018;Hardware;Los Altos;United States;North America;2016;$720M
ClickUp;$4B;15.12.2020;Internet software & services;San Diego;United States;North America;2017;$535M
Clubhouse;$4B;24.01.2021;Mobile & telecommunications;San Francisco;United States;North America;2020;$110M
Farmers Business Network;$4B;03.08.2020;Other;San Carlos;United States;North America;2014;$870M
Houzz;$4B;30.09.2014;E-commerce & direct-to-consumer;Palo Alto;United States;North America;2008;$614M
MEGVII;$4B;31.10.2017;Artificial intelligence;Beijing;China;Asia;2011;$1B
Melio;$4B;25.01.2021;Fintech;New York;United States;North America;2018;$504M
Next Insurance;$4B;07.10.2019;Fintech;Palo Alto;United States;North America;2016;$881M
Olive;$4B;01.12.2020;Internet software & services;Columbus;United States;North America;2012;$856M
Patreon;$4B;02.09.2020;Internet software & services;San Francisco;United States;North America;2013;$413M
PointClickCare;$4B;07.01.2021;Internet software & services;Mississauga;Canada;North America;2000;$230M
Rubrik;$4B;28.04.2017;Data management & analytics;Palo Alto;United States;North America;2014;$553M
Vuori;$4B;13.10.2021;E-commerce & direct-to-consumer;Carlsbad;United States;North America;2015;$445M
Webflow;$4B;13.01.2021;Internet software & services;San Francisco;United States;North America;2012;$335M
Yuga Labs;$4B;22.03.2022;Fintech;Miami;United States;North America;2021;$450M
Zapier;$4B;14.01.2021;Internet software & services;Sunnyvale;United States;North America;2011;$1M
Dadi Cinema;$3B;11.05.2016;Other;Shenzhen;China;Asia;2006;$154M
Kurly;$3B;09.07.2021;Supply chain, logistics, & delivery;Seoul;South Korea;Asia;2014;$770M
Moglix;$3B;17.05.2021;E-commerce & direct-to-consumer;;Singapore;Asia;2015;$471M
OpenAI;$3B;22.07.2019;Artificial intelligence;San Francisco;United States;North America;2015;$1B
Upstox;$3B;29.11.2021;Fintech;Mumbai;India;Asia;2010;$54M
Vista Global;$3B;23.08.2017;Other;Dubai;United Arab Emirates;Asia;2004;$418M
Yixia;$3B;24.11.2015;Mobile & telecommunications;Beijing;China;Asia;2011;$775M
Automattic;$3B;27.05.2013;Internet software & services;San Francisco;United States;North America;2005;$859M
OakNorth Bank;$3B;12.10.2017;Fintech;London;United Kingdom;Europe;2015;$1B
Worldcoin;$3B;29.06.2021;Fintech;San Francisco;United States;North America;2019;$125M
Hive Box;$3B;23.01.2018;Supply chain, logistics, & delivery;Shenzhen;China;Asia;2015;$1B
Trax;$3B;22.07.2019;Artificial intelligence;;Singapore;Asia;2010;$1B
MessageBird;$3B;08.10.2020;Mobile & telecommunications;Amsterdam;Netherlands;Europe;2011;$1B
Cohesity;$3B;11.06.2018;Data management & analytics;San Jose;United States;North America;2013;$660M
Cybereason;$3B;06.08.2019;Cybersecurity;Boston;United States;North America;2012;$714M
A24 Films;$3B;09.03.2022;Other;New York;United States;North America;2012;$225M
Acronis;$3B;18.09.2019;Cybersecurity;Schaffhausen;Switzerland;Europe;2003;$408M
Aura;$3B;09.06.2021;Cybersecurity;Burlington;United States;North America;2019;$500M
BYTON;$3B;20.04.2018;Auto & transportation;Nanjing;China;Asia;2016;$1B
Cato Networks;$3B;17.11.2020;Cybersecurity;Tel Aviv;Israel;Asia;2015;$532M
Digit Insurance;$3B;15.01.2021;Fintech;Bengaluru;India;Asia;2016;$531M
Fetch Rewards;$3B;31.03.2021;E-commerce & direct-to-consumer;Madison;United States;North America;2014;$582M
Games24x7;$3B;30.03.2022;Internet software & services;Mumbai;India;Asia;2006;$75M
GoStudent;$3B;22.06.2021;Edtech;Vienna;Austria;Europe;2017;$685M
Immutable;$3B;07.03.2022;Fintech;Sydney;Australia;Oceania;2018;$280M
Infra.Market;$3B;25.02.2021;E-commerce & direct-to-consumer;Thane;India;Asia;2016;$274M
Side;$3B;22.03.2021;Internet software & services;San Francisco;United States;North America;2017;$314M
SiFive;$3B;16.03.2022;Hardware;San Mateo;United States;North America;2015;$366M
Somatus;$3B;23.02.2022;Health;McLean;United States;North America;2016;$465M
Sysdig;$3B;28.04.2021;Cybersecurity;San Francisco;United States;North America;2013;$730M
Uniphore;$3B;16.02.2022;Artificial Intelligence;Palo Alto;United States;North America;2008;$607M
Varo Bank;$3B;09.09.2021;Fintech;San Francisco;United States;North America;2015;$987M
Vercel;$3B;23.06.2021;Internet software & services;San Francisco;United States;North America;2015;$313M
Oura;$3B;05.04.2022;Health;Oulu;Finland;Europe;2013;$148M
Unacademy;$3B;02.09.2020;Edtech;Bengaluru;India;Asia;2015;$789M
Axonius;$3B;01.03.2021;Cybersecurity;New York;United States;North America;2017;$395M
Clari;$3B;03.03.2021;Internet software & services;Sunnyvale;United States;North America;2012;$496M
ManoMano;$3B;05.07.2021;E-commerce & direct-to-consumer;Paris;France;Europe;2013;$706M
Pendo;$3B;17.10.2019;Internet software & services;Raleigh;United States;North America;2013;$357M
Plume;$3B;23.02.2021;Internet software & services;Palo Alto;United States;North America;2015;$722M
JumpCloud;$3B;13.09.2021;Data management & analytics;Louisville;United States;North America;2012;$407M
Project44;$3B;01.06.2021;Supply chain, logistics, & delivery;Chicago;United States;North America;2014;$818M
Sourcegraph;$3B;13.07.2021;Internet software & services;San Francisco;United States;North America;2013;$248M
OwnBackup;$3B;28.01.2021;Data management & analytics;Englewood Cliffs;United States;North America;2015;$507M
Starburst;$3B;06.01.2021;Data management & analytics;Boston;United States;North America;1999;$414M
Youxia Motors;$3B;02.04.2018;Auto & transportation;Shanghai;China;Asia;2014;$1B
Zetwerk;$3B;20.08.2021;Internet software & services;Bengaluru;India;Asia;2018;$543M
Cars24;$3B;24.11.2020;E-commerce & direct-to-consumer;Gurgaon;India;Asia;2015;$1B
Ethos;$3B;11.05.2021;Fintech;San Francisco;United States;North America;2016;$407M
Komodo Health;$3B;22.05.2020;Health;San Francisco;United States;North America;2014;$314M
Nextiva;$3B;14.09.2021;Internet software & services;Scottsdale;United States;North America;2008;$200M
o9 Solutions;$3B;28.04.2020;Artificial intelligence;Dallas;United States;North America;2009;$417M
Scopely;$3B;29.10.2019;Mobile & telecommunications;Culver City;United States;North America;2011;$999M
Sila Nanotechnologies;$3B;16.04.2019;Other;Alameda;United States;North America;2011;$880M
Via;$3B;30.03.2020;Auto & transportation;New York;United States;North America;2012;$777M
Transmit Security;$3B;22.06.2021;Cybersecurity;Tel Aviv;Israel;Asia;2014;$583M
BlockDaemon;$3B;21.09.2021;Fintech;Los Angeles;United States;North America;2016;$398M
Convoy;$3B;21.09.2018;Supply chain, logistics, & delivery;Seattle;United States;North America;2015;$666M
Dream Games;$3B;30.06.2021;Mobile & telecommunications;Istanbul;Turkey;Europe;2019;$468M
Illumio;$3B;14.04.2015;Cybersecurity;Sunnyvale;United States;North America;2013;$558M
MasterClass;$3B;13.05.2021;Edtech;San Francisco;United States;North America;2015;$461M
Graphcore;$3B;18.12.2018;Artificial intelligence;Bristol;United Kingdom;Europe;2016;$682M
ApplyBoard;$3B;05.05.2020;Edtech;Kitchener;Canada;North America;2015;$483M
Blockstream;$3B;24.08.2021;Fintech;Vancouver;Canada;North America;2014;$299M
Cedar;$3B;09.03.2021;Fintech;New York;United States;North America;2016;$326M
ContentSquare;$3B;25.05.2021;Internet software & services;Paris;France;Europe;2012;$812M
Eruditus Executive Education;$3B;12.08.2021;Edtech;Mumbai;India;Asia;2010;$591M
Innovaccer;$3B;19.02.2021;Health;San Francisco;United States;North America;2014;$379M
Ironclad;$3B;18.01.2022;Internet software & services;Sacramento;United States;North America;2014;$334M
Skims;$3B;09.04.2021;E-commerce & direct-to-consumer;Los Angeles;United States;North America;2019;$399M
Thumbtack;$3B;29.09.2015;E-commerce & direct-to-consumer;San Francisco;United States;North America;2008;$698M
Zipline;$3B;20.05.2019;Supply chain, logistics, & delivery;South San Francisco;United States;North America;2014;$483M
BharatPe;$3B;30.07.2021;Fintech;New Delhi;India;Asia;2018;$600M
DriveWealth;$3B;20.08.2021;Fintech;Chatham;United States;North America;2012;$551M
Flink Food;$3B;01.12.2021;E-commerce & direct-to-consumer;Berlin;Germany;Europe;2021;$1B
PsiQuantum;$3B;27.07.2021;Hardware;Palo Alto;United States;North America;2016;$665M
SpotOn;$3B;26.05.2021;Fintech;San Francisco;United States;North America;2017;$628M
Gorillas;$3B;25.03.2021;E-commerce & direct-to-consumer;Berlin;Germany;Europe;2020;$1B
HighRadius;$3B;07.01.2020;Fintech;Houston;United States;North America;2006;$475M
Loft;$3B;03.01.2020;E-commerce & direct-to-consumer;Sao Paulo;Brazil;South America;2018;$788M
Nuvemshop;$3B;17.08.2021;E-commerce & direct-to-consumer;Sao Paulo;Brazil;South America;2011;$628M
Udaan;$3B;04.09.2018;Supply chain, logistics, & delivery;Bengaluru;India;Asia;2016;$1B
Workrise;$3B;30.09.2019;Internet software & services;Austin;United States;North America;2014;$722M
ActiveCampaign;$3B;21.04.2021;Internet software & services;Chicago;United States;North America;2003;$360M
Age of Learning;$3B;03.05.2016;Edtech;Glendale;United States;North America;2007;$500M
Amber Group;$3B;21.06.2021;Fintech;;Hong Kong;Asia;2015;$328M
Anchorage Digital;$3B;15.12.2021;Fintech;San Francisco;United States;North America;2017;$487M
BlockFi;$3B;11.03.2021;Fintech;Jersey City;United States;North America;2017;$1B
Calendly;$3B;26.01.2021;Internet software & services;Atlanta;United States;North America;2013;$351M
Carbon Health;$3B;21.07.2021;Health;San Francisco;United States;North America;2015;$523M
Circle;$3B;15.05.2018;Fintech;Boston;United States;North America;2013;$711M
CMR Surgical;$3B;17.09.2019;Health;Cambridge;United Kingdom;Europe;2014;$975M
Contentful;$3B;28.07.2021;Internet software & services;Berlin;Germany;Europe;2013;$333M
Cross River Bank;$3B;11.02.2022;Fintech;Fort Lee;United States;North America;2008;$775M
Delhivery;$3B;27.02.2019;Supply chain, logistics, & delivery;Gurgaon;India;Asia;2011;$1B
FlixBus;$3B;18.07.2019;Auto & transportation;Munich;Germany;Europe;2013;$1B
Flutterwave;$3B;09.03.2021;Fintech;San Francisco;United States;North America;2016;$474M
Forter;$3B;19.11.2020;Cybersecurity;New York;United States;North America;2013;$525M
Grafana Labs;$3B;25.03.2021;Internet software & services;New York;United States;North America;2014;$535M
Groww;$3B;07.04.2021;Fintech;Bengaluru;India;Asia;2017;$393M
Inxeption;$3B;13.01.2022;Fintech;San Francisco;United States;North America;2017;$187M
KK Group;$3B;23.10.2019;E-commerce & direct-to-consumer;Dongguan;China;Asia;2014;$612M
Lattice;$3B;23.03.2021;Internet software & services;San Francisco;United States;North America;2015;$329M
LaunchDarkly;$3B;10.08.2021;Internet software & services;Oakland;United States;North America;2014;$330M
Lucid;$3B;29.06.2021;Internet software & services;South Jordan;United States;North America;2010;$170M
Outschool;$3B;14.04.2021;Edtech;San Francisco;United States;North America;2015;$240M
Podium;$3B;07.04.2020;Internet software & services;Lehi;United States;North America;2014;$419M
Remote;$3B;13.07.2021;Fintech;San Francisco;United States;North America;2016;$496M
Seismic;$3B;18.12.2018;Internet software & services;San Diego;United States;North America;2010;$427M
Sky Mavis;$3B;04.10.2021;Internet software & services;Ho Chi Minh City;Vietnam;Asia;2019;$311M
SouChe Holdings;$3B;01.11.2017;E-commerce & direct-to-consumer;Hangzhou;China;Asia;2012;$1B
TradingView;$3B;14.10.2021;Fintech;Westerville;United States;North America;2011;$339M
Traveloka;$3B;01.01.2017;Travel;Jakarta;Indonesia;Asia;2012;$1B
wefox;$3B;05.03.2019;Fintech;Berlin;Germany;Europe;2014;$919M
Wildlife Studios;$3B;05.12.2019;Other;Sao Paulo;Brazil;South America;2011;$180M
1047 Games;$2B;14.09.2021;Internet software & services;Zephyr Cove;United States;North America;2017;$127M
Baiwang;$2B;25.03.2019;Fintech;Beijing;China;Asia;2015;$224M
Boba;$2B;05.04.2022;Fintech;San Francisco;United States;North America;2018;$45M
Bought By Many;$2B;01.06.2021;Fintech;London;United Kingdom;Europe;2012;$477M
Cambridge Mobile Telematics;$2B;19.12.2018;Mobile & telecommunications;Cambridge;United States;North America;2010;$503M
Carzone;$2B;01.03.2019;E-commerce & direct-to-consumer;Jiangsu;China;Asia;1995;$946M
CFGI;$2B;15.09.2021;Fintech;Boston;United States;North America;2000;$19M
Cgtz;$2B;21.02.2017;Fintech;Hangzhou;China;Asia;2014;$536M
Changingedu;$2B;30.10.2017;Edtech;Shanghai;China;Asia;2014;$188M
eDaili;$2B;01.02.2019;E-commerce & direct-to-consumer;Shanghai;China;Asia;2015;$101M
ENOVATE;$2B;15.04.2019;Auto & transportation;Shanghai;China;Asia;2015;$1B
Fenbi Education;$2B;07.02.2021;Edtech;Beijing;China;Asia;2015;$390M
Hesai Tech;$2B;01.08.2020;Artificial intelligence;Shanghai;China;Asia;2013;$717M
Il Makiage;$2B;10.01.2022;E-commerce & direct-to-consumer;New York;United States;North America;2018;$29M
Iluvatar CoreX;$2B;01.03.2021;Hardware;Shanghai;China;Asia;2015;$186M
Jusfoun Big Data;$2B;09.07.2018;Data management & analytics;Beijing;China;Asia;2010;$137M
Pagaya;$2B;17.06.2020;Fintech;Tel Aviv;Israel;Asia;2015;$417M
PolicyBazaar;$2B;06.05.2019;Fintech;Gurgaon;India;Asia;2008;$634M
Promasidor Holdings;$2B;08.11.2016;Consumer & retail;Bryanston;South Africa;Asia;1979;$556M
Tubatu.com;$2B;09.03.2015;E-commerce & direct-to-consumer;Shenzhen;China;Asia;2008;$216M
Ximalaya FM;$2B;22.09.2017;Mobile & telecommunications;Shanghai;China;Asia;2012;$71M
HEYTEA;$2B;01.07.2019;Other;Shenzhen;China;Asia;2012;$594M
BGL Group;$2B;24.11.2017;Fintech;Peterborough;United Kingdom;Europe;1992;$696M
Claroty;$2B;17.06.2021;Cybersecurity;New York;United States;North America;2015;$640M
Improbable;$2B;11.05.2017;Other;London;United Kingdom;Europe;2012;$754M
InMobi;$2B;02.12.2014;Mobile & telecommunications;Bengaluru;India;Asia;2007;$221M
MindMaze;$2B;28.01.2016;Health;Lausanne;Switzerland;Europe;2012;$340M
Ninja Van;$2B;27.09.2021;Supply chain, logistics, & delivery;;Singapore;Asia;2014;$975M
Pantheon Systems;$2B;13.07.2021;Internet software & services;San Francisco;United States;North America;2010;$200M
SellerX;$2B;09.12.2021;E-commerce & direct-to-consumer;Berlin;Germany;Europe;2020;$766M
AppDirect;$2B;07.10.2015;E-commerce & direct-to-consumer;San Francisco;United States;North America;2009;$431M
BrewDog;$2B;10.04.2017;Consumer & retail;Aberdeen;United Kingdom;Europe;2007;$233M
Enflame;$2B;05.01.2021;Hardware;Shanghai;China;Asia;2018;$472M
Tradeshift;$2B;30.05.2018;Fintech;San Francisco;United States;North America;2009;$861M
HeartFlow;$2B;04.12.2017;Health;Redwood City;United States;North America;2007;$568M
Extend;$2B;18.05.2021;Fintech;San Francisco;United States;North America;2004;$320M
Airbyte;$2B;17.12.2021;Internet software & services;San Francisco;United States;North America;2020;$181M
Andela;$2B;29.09.2021;Internet software & services;New York;United States;North America;2014;$381M
Ascend Money;$2B;27.09.2021;Fintech;Bangkok;Thailand;Asia;2013;$150M
Athelas;$2B;31.01.2022;Health;Mountain View;United States;North America;2016;$150M
Built;$2B;30.09.2021;Internet software & services;Nashville;United States;North America;2015;$289M
candy.com;$2B;21.10.2021;Fintech;New York;United States;North America;2021;$100M
Cognite;$2B;19.05.2021;Data management & analytics;Lysaker;Norway;Europe;2016;$225M
CoinList;$2B;15.10.2021;Fintech;San Francisco;United States;North America;2017;$119M
Collective Health;$2B;17.06.2019;Fintech;San Francisco;United States;North America;2013;$719M
Culture Amp;$2B;29.07.2021;Internet software & services;Richmond;Australia;Oceania;2011;$257M
Devo;$2B;26.10.2021;Data management & analytics;Cambridge;United States;North America;2011;$381M
ElasticRun;$2B;07.02.2022;Supply chain, logistics, & delivery;Pune;India;Asia;2016;$435M
Gett;$2B;24.05.2016;Auto & transportation;London;United Kingdom;Europe;2010;$828M
ID.me;$2B;19.03.2021;Cybersecurity;McLean;United States;North America;2010;$142M
impact.com;$2B;13.07.2021;Internet software & services;Santa Barbara;United States;North America;2008;$261M
Ledger;$2B;10.06.2021;Hardware;Paris;France;Europe;2014;$466M
Lusha;$2B;10.11.2021;Internet software & services;New York;United States;North America;2016;$245M
Matillion;$2B;15.09.2021;Data management & analytics;Altrincham;United Kingdom;Europe;2011;$310M
MOLOCO;$2B;29.04.2021;Artificial intelligence;Redwood City;United States;North America;2013;$192M
Mu Sigma;$2B;07.02.2013;Data management & analytics;Northbrook;United States;North America;2004;$211M
Next Silicon;$2B;14.06.2021;Hardware;Tel Aviv;Israel;Asia;2018;$203M
NotCo;$2B;26.07.2021;Artificial Intelligence;Santiago;Chile;South America;2015;$370M
Olist;$2B;15.12.2021;E-commerce & direct-to-consumer;Curitiba;Brazil;South America;2015;$320M
Pacaso;$2B;24.03.2021;Fintech;Cincinnati;United States;North America;2020;$217M
Paradox;$2B;27.12.2021;Internet software & services;Scottsdale;United States;North America;2016;$253M
Persona;$2B;15.09.2021;Cybersecurity;San Francisco;United States;North America;2018;$218M
SmartRecruiters;$2B;20.07.2021;Internet software & services;San Francisco;United States;North America;2010;$225M
Snapdocs;$2B;25.05.2021;Fintech;San Francisco;United States;North America;2012;$253M
Solugen;$2B;10.09.2021;Other;Houston;United States;North America;2016;$435M
StoreDot;$2B;04.01.2022;Other;Herzliya;Israel;Asia;2012;$190M
Strava;$2B;16.11.2020;Internet software & services;San Francisco;United States;North America;2009;$152M
Temporal;$2B;16.02.2022;Internet software & services;Bellevue;United States;North America;2019;$129M
TuJia;$2B;17.06.2015;Travel;Beijing;China;Asia;2011;$755M
Uplight;$2B;03.03.2021;Other;Boulder;United States;North America;2019;Unknown
Veho;$2B;21.12.2021;Supply chain, logistics, & delivery;Boulder;United States;North America;2016;$299M
Veriff;$2B;26.01.2022;Artificial intelligence;Tallinn;Estonia;Europe;2015;$177M
Whatnot;$2B;16.09.2021;E-commerce & direct-to-consumer;Marina del Rey;United States;North America;2019;$225M
Zenoti;$2B;15.12.2020;Internet software & services;Bellevue;United States;North America;2010;$331M
Zeta;$2B;24.05.2021;Fintech;San Francisco;United States;North America;2015;$340M
Loom;$2B;20.05.2021;Internet software & services;San Francisco;United States;North America;2016;$204M
Mobile Premier League;$2B;15.09.2021;Internet software & services;Bengaluru;India;Asia;2018;$376M
Uala;$2B;13.08.2021;Fintech;Buenos Aires;Argentina;South America;2017;$544M
Wenheyou;$2B;17.04.2021;Other;Hunan;China;Asia;2013;$90M
Star Charge;$2B;19.05.2021;Auto & transportation;Changzhou;China;Asia;2014;$125M
ABL Space Systems;$2B;25.03.2021;Other;El Segundo;United States;North America;2017;$419M
Afiniti;$2B;14.04.2017;Artificial intelligence;Hamilton;Bermuda;North America;2006;$120M
ASAPP;$2B;19.05.2021;Artificial intelligence;New York;United States;North America;2014;$380M
BitSight Technologies;$2B;13.09.2021;Cybersecurity;Boston;United States;North America;2013;$401M
Cao Cao Mobility;$2B;17.01.2018;Auto & transportation;Hangzhou;China;Asia;2015;$744M
Capitolis;$2B;22.03.2022;Fintech;New York;United States;North America;2017;$282M
Carbon;$2B;20.08.2015;Hardware;Redwood City;United States;North America;2013;$682M
Clio;$2B;27.04.2021;Internet software & services;Burnaby;Canada;North America;2008;$386M
Cresta;$2B;17.03.2022;Artificial Intelligence;San Francisco;United States;North America;2017;$151M
Exabeam;$2B;01.06.2021;Cybersecurity;Foster City;United States;North America;2013;$390M
ezCater;$2B;02.04.2019;Supply chain, logistics, & delivery;Boston;United States;North America;2007;$421M
HomeLight;$2B;02.09.2021;Fintech;San Francisco;United States;North America;2012;$219M
HoneyBook;$2B;04.05.2021;Internet software & services;San Francisco;United States;North America;2013;$498M
Infinidat;$2B;29.04.2015;Hardware;Waltham;United States;North America;2011;$325M
Mercury;$2B;03.07.2021;Fintech;San Francisco;United States;North America;2019;$152M
Paxos;$2B;29.04.2021;Fintech;New York;United States;North America;2012;$538M
SafetyCulture;$2B;03.05.2021;Internet software & services;Sydney;Australia;Oceania;2004;$222M
SmartHR;$2B;08.06.2021;Fintech;Tokyo;Japan;Asia;2013;$190M
Tonal;$2B;31.03.2021;E-commerce & direct-to-consumer;San Francisco;United States;North America;2015;$450M
Truepill;$2B;27.10.2021;Health;Hayward;United States;North America;2016;$255M
Unite Us;$2B;16.03.2021;Health;New York;United States;North America;2014;$195M
Verkada;$2B;29.01.2020;Cybersecurity;San Mateo;United States;North America;2016;$139M
Wayflyer;$2B;01.02.2022;Fintech;Dublin;Ireland;Europe;2019;$236M
Zhubajie;$2B;16.06.2015;Internet software & services;Chongqing;China;Asia;2006;$445M
Transcarent;$2B;11.01.2022;Health;San Francisco;United States;North America;2020;$298M
Trader Interactive;$2B;12.05.2021;Other;Norfolk;United States;North America;2017;$624M
Glossier;$2B;19.03.2019;Consumer & retail;New York;United States;North America;2014;$266M
Hibob;$2B;12.10.2021;Internet software & services;Tel Aviv;Israel;Asia;2015;$274M
Jobandtalent;$2B;01.12.2021;Internet software & services;Madrid;Spain;Europe;2009;$902M
Optimism;$2B;17.03.2022;Internet software & services;San Francisco;United States;North America;2019;$179M
solarisBank;$2B;13.07.2021;Fintech;Berlin;Germany;Europe;2016;$403M
WEMAKEPRICE;$2B;09.09.2015;E-commerce & direct-to-consumer;Seoul;South Korea;Asia;2009;$397M
Alan;$2B;19.04.2021;Fintech;Paris;France;Europe;2016;$364M
Biren Technology;$2B;18.08.2020;Hardware;Shanghai;China;Asia;2019;$285M
Voodoo;$2B;17.08.2020;Other;Paris;France;Europe;2013;$517M
Carsome;$2B;12.07.2021;E-commerce & direct-to-consumer;Selangor;Malaysia;Asia;2015;$577M
CircleCI;$2B;11.05.2021;Internet software & services;San Francisco;United States;North America;2011;$315M
DealShare;$2B;27.01.2022;E-commerce & direct-to-consumer;Bengaluru;India;Asia;2018;$612M
DispatchHealth;$2B;03.03.2021;Health;Denver;United States;North America;2013;$403M
Dragos;$2B;28.10.2021;Cybersecurity;Hanover;United States;North America;2016;$358M
Gousto;$2B;03.11.2020;Supply chain, logistics, & delivery;London;United Kingdom;Europe;2012;$311M
H2O.ai;$2B;07.11.2021;Artificial intelligence;Mountain View;United States;North America;2011;$251M
Harness;$2B;14.01.2021;Artificial intelligence;San Francisco;United States;North America;2016;$195M
Harry's;$2B;16.02.2018;Consumer & retail;New York;United States;North America;2013;$792M
PAX;$2B;22.10.2018;Consumer & retail;San Francisco;United States;North America;2007;$542M
Productboard;$2B;02.02.2022;Internet software & services;San Francisco;United States;North America;2014;$261M
Reltio;$2B;04.11.2021;Data management & analytics;Redwood City;United States;North America;2011;$237M
Spotter;$2B;16.02.2022;Fintech;Los Angeles;United States;North America;2019;$231M
Vestiaire Collective;$2B;01.03.2021;E-commerce & direct-to-consumer;Paris;France;Europe;2009;$663M
Wave;$2B;07.09.2021;Fintech;Dakar;Senegal;Africa;2018;$200M
ZenBusiness;$2B;09.11.2021;Fintech;Austin;United States;North America;2015;$275M
Bowery Farming;$2B;25.05.2021;Other;New York;United States;North America;2015;$497M
Greenlight;$2B;24.09.2020;Fintech;Atlanta;United States;North America;2014;$557M
KeepTruckin;$2B;23.04.2019;Supply chain, logistics, & delivery;San Francisco;United States;North America;2013;$417M
Odoo;$2B;29.07.2021;Internet software & services;Louvain-la-Neuve;Belgium;Europe;2005;$229M
Skydance Media;$2B;11.02.2020;Other;Santa Monica;United States;North America;2010;$275M
Uptake;$2B;27.10.2015;Artificial intelligence;Chicago;United States;North America;2014;$218M
MoMo;$2B;10.12.2021;Fintech;Ho Chi Minh City;Vietnam;Asia;2013;$434M
Algolia;$2B;28.07.2021;Internet software & services;San Francisco;United States;North America;2012;$334M
Pattern;$2B;06.10.2021;Internet software & services;Lehi;United States;North America;2013;$277M
Spinny;$2B;24.11.2021;E-commerce & direct-to-consumer;Gurugram;India;Asia;2015;$509M
Trulioo;$2B;07.06.2021;Cybersecurity;Vancouver;Canada;North America;2011;$474M
Zume;$2B;01.11.2018;Consumer & retail;Mountain View;United States;North America;2015;$423M
AIWAYS;$2B;16.04.2018;Auto & transportation;Shanghai;China;Asia;2017;$792M
Bitso;$2B;05.05.2021;Fintech;Mexico City;Mexico;North America;2014;$378M
BloomReach;$2B;23.02.2022;Artificial intelligence;Mountain View;United States;North America;2009;$422M
Current;$2B;27.04.2021;Fintech;New York;United States;North America;2015;$402M
Dialpad;$2B;06.10.2020;Internet software & services;San Francisco;United States;North America;2011;$400M
G7 Networks;$2B;15.02.2022;Supply chain, logistics, & delivery;Beijing;China;Asia;2006;$710M
Gympass;$2B;12.06.2019;Internet software & services;New York;United States;North America;2012;$525M
MUSINSA;$2B;11.11.2019;E-commerce & direct-to-consumer;Seoul;South Korea;Asia;2001;$287M
NuCom Group;$2B;22.02.2018;Other;Unterfoehring;Germany;Europe;2016;$550M
Reify Health;$2B;10.08.2021;Health;Boston;United States;North America;2012;$259M
Diamond Foundry;$2B;29.03.2021;Other;San Francisco;United States;North America;2012;$351M
FullStory;$2B;04.08.2021;Internet software & services;Atlanta;United States;North America;2014;$172M
Lightricks;$2B;31.07.2019;Artificial intelligence;Jerusalem;Israel;Asia;2013;$305M
Opentrons;$2B;23.09.2021;Hardware;New York;United States;North America;2016;$240M
ZocDoc;$2B;20.08.2015;Health;New York;United States;North America;2007;$374M
Accelerant;$2B;12.01.2022;Other;Colchester;United Kingdom;Europe;2018;$193M
Huaqin Telecom Technology;$2B;08.10.2019;Mobile & telecommunications;Shanghai;China;Asia;2005;$298M
Addepar;$2B;15.06.2021;Fintech;Mountain View;United States;North America;2009;$676M
YITU Technology;$2B;08.03.2018;Artificial intelligence;Shanghai;China;Asia;2012;$401M
CloudWalk;$2B;08.09.2021;Fintech;Sao Paulo;Brazil;South America;2015;$345M
Retool;$2B;22.12.2021;Internet software & services;San Francisco;United States;North America;2000;$96M
Volocopter;$2B;04.03.2022;Auto & transportation;Bruchsal;Germany;Europe;2011;$599M
Acorns;$2B;09.03.2022;Fintech;Irvine;United States;North America;2012;$507M
Aledade;$2B;19.01.2021;Health;Bethesda;United States;North America;2014;$295M
CoinSwitch Kuber;$2B;06.10.2021;Fintech;Bangalore;India;Asia;2017;$301M
ConcertAI;$2B;29.03.2022;Artificial Intelligence;Boston;United States;North America;2018;$300M
Eightfold.ai;$2B;27.10.2020;Internet software & services;Santa Clara;United States;North America;2016;$397M
FirstCry;$2B;07.02.2020;E-commerce & direct-to-consumer;Pune;India;Asia;2010;$441M
Forto;$2B;21.06.2021;Supply chain, logistics, & delivery;Berlin;Germany;Europe;2016;$593M
GoCardless;$2B;08.02.2022;Fintech;London;United Kingdom;Europe;2011;$529M
InVision;$2B;01.11.2017;Internet software & services;New York;United States;North America;2011;$349M
Jeeves;$2B;14.03.2022;Fintech;Orlando;United States;North America;2019;$268M
Medable;$2B;26.10.2021;Internet software & services;Palo Alto;United States;North America;2013;$507M
Moveworks;$2B;30.06.2021;Artificial intelligence;Mountain View;United States;North America;2016;$305M
MX Technologies;$2B;13.01.2021;Fintech;Lehi;United States;North America;2010;$450M
PayFit;$2B;06.01.2022;Fintech;London;United Kingdom;Europe;2016;$496M
ReCharge;$2B;06.05.2021;Fintech;Los Angeles;United States;North America;2017;$277M
Roofstock;$2B;10.03.2022;Fintech;Oakland;United States;North America;2015;$365M
Urban Company;$2B;27.04.2021;E-commerce & direct-to-consumer;Gurgaon;India;Asia;2014;$371M
Rokt;$2B;16.12.2021;Internet software & services;New York;United States;North America;2012;$487M
Starling Bank;$2B;08.03.2021;Fintech;London;United Kingdom;Europe;2014;$791M
Ankorstore;$2B;10.01.2022;E-commerce & direct-to-consumer;Paris;France;Europe;2019;$422M
4Paradigm;$2B;19.12.2018;Artificial intelligence;Beijing;China;Asia;2015;$1B
Advance Intelligence Group;$2B;23.09.2021;Artificial intelligence;;Singapore;Asia;2016;$536M
Aiven;$2B;18.10.2021;Internet software & services;Helsinki;Finland;Europe;2016;$210M
Akulaku;$2B;15.02.2022;E-commerce & direct-to-consumer;Jakarta;Indonesia;Asia;2014;$438M
Apeel Sciences;$2B;26.05.2020;Other;Goleta;United States;North America;2012;$640M
AppsFlyer;$2B;21.01.2020;Mobile & telecommunications;San Francisco;United States;North America;2011;$293M
Avant;$2B;17.12.2012;Artificial intelligence;Chicago;United States;North America;2012;$658M
Aviatrix;$2B;08.09.2021;Internet software & services;Santa Clara;United States;North America;2014;$341M
BlaBlaCar;$2B;16.09.2015;Auto & transportation;Paris;France;Europe;2006;$449M
Black Sesame Technologies;$2B;22.09.2021;Artificial intelligence;Shanghai;China;Asia;2016;$115M
Bunq;$2B;18.06.2021;Fintech;Amsterdam;Netherlands;Europe;2013;$281M
Calm;$2B;06.02.2019;Consumer & retail;San Francisco;United States;North America;2012;$218M
Chipper Cash;$2B;31.05.2021;Fintech;San Francisco;United States;North America;2017;$302M
Clearco;$2B;20.04.2021;Fintech;Toronto;Canada;North America;2015;$433M
ClickHouse;$2B;28.10.2021;Data management & analytics;Portola Valley;United States;North America;2021;$300M
Clip;$2B;10.06.2021;Fintech;Mexico City;Mexico;North America;2012;$381M
Cloudinary;$2B;15.02.2022;Internet software & services;Santa Clara;United States;North America;2011;$100M
Deliverr;$2B;22.11.2021;Supply chain, logistics, & delivery;San Francisco;United States;North America;2017;$456M
Divvy Homes;$2B;13.08.2021;Fintech;San Francisco;United States;North America;2017;$370M
Dremio;$2B;06.01.2021;Data management & analytics;Santa Clara;United States;North America;2015;$410M
Druva;$2B;20.06.2019;Data management & analytics;Sunnyvale;United States;North America;2007;$475M
Everlaw;$2B;10.03.2020;Internet software & services;Oakland;United States;North America;2010;$299M
Exotec;$2B;17.01.2022;Hardware;Croix;France;Europe;2015;$450M
Formlabs;$2B;01.08.2018;Hardware;Somerville;United States;North America;2011;$251M
Guoquan Shihui;$2B;17.03.2021;Consumer & retail;Shanghai;China;Asia;2017;$523M
Hive;$2B;21.04.2021;Artificial intelligence;San Francisco;United States;North America;2013;$121M
HuiMin;$2B;05.09.2016;E-commerce & direct-to-consumer;Beijing;China;Asia;2013;$517M
ISN;$2B;17.12.2020;Supply chain, logistics, & delivery;Dallas;United States;North America;2001;Unknown
Iterable;$2B;15.06.2021;Internet software & services;San Francisco;United States;North America;2013;$342M
Kajabi;$2B;04.05.2021;Internet software & services;Irvine;United States;North America;2010;$550M
Kaseya;$2B;27.03.2019;Cybersecurity;Miami;United States;North America;2000;$545M
Keep;$2B;19.05.2020;Mobile & telecommunications;Beijing;China;Asia;2014;$614M
KRY;$2B;27.04.2021;Health;Stockholm;Sweden;Europe;2014;$569M
Loggi;$2B;05.06.2019;Supply chain, logistics, & delivery;Sao Paulo;Brazil;South America;2013;$507M
LTK;$2B;22.11.2021;Internet software & services;Dallas;United States;North America;2011;$315M
Lunar;$2B;12.07.2021;Fintech;Aarhus;Denmark;Europe;2015;$448M
Mafengwo;$2B;23.05.2019;Travel;Beijing;China;Asia;2010;$503M
Magic Leap;$2B;21.10.2014;Hardware;Plantation;United States;North America;2010;$3B
Misfits Market;$2B;21.04.2021;E-commerce & direct-to-consumer;Pennsauken;United States;North America;2018;$527M
Modern Treasury;$2B;06.10.2021;Fintech;San Francisco;United States;North America;2018;$183M
MURAL;$2B;20.07.2021;Internet software & services;San Francisco;United States;North America;2011;$192M
Mynt;$2B;01.11.2021;Fintech;Taguig City;Philippines;Asia;2015;$475M
Neo4j;$2B;17.06.2021;Data management & analytics;San Mateo;United States;North America;2007;$408M
Netlify;$2B;17.11.2021;Internet software & services;San Francisco;United States;North America;2014;$202M
OCSiAl;$2B;04.03.2019;Other;Leudelange;Luxembourg;Europe;2012;$285M
Opay;$2B;23.08.2021;Fintech;Lagos;Nigeria;Africa;2018;$570M
Pipe;$2B;19.05.2021;Fintech;Miami;United States;North America;2019;$566M
Preferred Networks;$2B;17.05.2018;Artificial intelligence;Tokyo;Japan;Asia;2014;$147M
Quora;$2B;21.04.2017;Internet software & services;Mountain View;United States;North America;2009;$226M
Redis Labs;$2B;25.08.2020;Data management & analytics;Mountain View;United States;North America;2011;$356M
SmartNews;$2B;05.08.2019;Mobile & telecommunications;Tokyo;Japan;Asia;2012;$410M
Spring Health;$2B;16.09.2021;Health;New York;United States;North America;2016;$296M
StarkWare;$2B;17.11.2021;Cybersecurity;Netanya;Israel;Asia;2018;$161M
SWORD Health;$2B;22.11.2021;Health;New York;United States;North America;2015;$296M
Tier;$2B;25.10.2021;Travel;Berlin;Germany;Europe;2018;$587M
Trendy Group International;$2B;13.02.2012;Consumer & retail;Kowloon;Hong Kong;Asia;1999;$200M
Unqork;$2B;06.10.2020;Fintech;New York;United States;North America;2017;$365M
VerbIT;$2B;08.06.2021;Artificial intelligence;New York;United States;North America;2016;$432M
Virta Health;$2B;02.12.2020;Health;San Francisco;United States;North America;2015;$373M
Xinchao Media;$2B;09.04.2018;Internet software & services;Chengdu;China;Asia;2007;$768M
Xingyun Group;$2B;24.09.2020;E-commerce & direct-to-consumer;Shenzhen;China;Asia;2015;$950M
XtalPi;$2B;11.08.2021;Artificial intelligence;Shenzhen;China;Asia;2014;$786M
Zilch;$2B;10.11.2021;Fintech;London;United Kingdom;Europe;2018;$339M
56PINGTAI;$1B;25.01.2021;Supply chain, logistics, & delivery;Shanghai;China;Asia;2013;$188M
Alzheon;$1B;30.09.2020;Health;Framingham;United States;North America;2013;$94M
Aprogen;$1B;31.05.2019;Health;Seongnam-Si;South Korea;Asia;2000;$62M
Axtria;$1B;13.05.2021;Data management & analytics;Berkeley Heights;United States;North America;2009;$206M
Cell C;$1B;07.08.2017;Mobile & telecommunications;Midrand;South Africa;Africa;2000;$547M
China Cloud;$1B;11.06.2018;Hardware;Wuxi;China;Asia;2010;$523M
CredAvenue;$1B;07.03.2022;Fintech;Chennai;India;Asia;2017;$227M
DeepBlue Technology;$1B;16.04.2018;Artificial intelligence;Shanghai;China;Asia;2014;$79M
dMed Biopharmaceutical;$1B;12.07.2021;Health;Shanghai;China;Asia;2016;$214M
Einride;$1B;31.12.2021;Auto & transportation;Stockholm;Sweden;Europe;2016;$151M
EQRx;$1B;11.01.2021;Health;Cambridge;United States;North America;2020;$700M
Everly Health;$1B;03.12.2020;E-commerce & direct-to-consumer;Austin;United States;North America;2015;$231M
Fair;$1B;20.12.2018;Auto & transportation;Santa Monica;United States;North America;2016;$2B
Flipboard;$1B;22.07.2015;Internet software & services;Palo Alto;United States;North America;2010;$211M
Globality;$1B;22.01.2019;Artificial intelligence;Menlo Park;United States;North America;2015;$310M
Hosjoy;$1B;18.10.2018;E-commerce & direct-to-consumer;Nanjing;China;Asia;2009;$139M
Huisuanzhang;$1B;24.05.2021;Fintech;Beijing;China;Asia;2015;$227M
HuJiang;$1B;29.10.2015;Edtech;Shanghai;China;Asia;2001;$223M
Hyperchain;$1B;11.04.2021;Fintech;Hangzhou;China;Asia;2016;$249M
iTutorGroup;$1B;18.11.2015;Edtech;Shanghai;China;Asia;1998;$315M
JimuBox;$1B;21.04.2015;Fintech;Beijing;China;Asia;2013;$131M
Juma Peisong;$1B;26.11.2018;Supply chain, logistics, & delivery;Chengdu;China;Asia;2011;$281M
Justworks;$1B;28.01.2020;Internet software & services;New York;United States;North America;2012;$143M
Keenon Robotics;$1B;15.09.2021;Supply chain, logistics, & delivery;Shanghai;China;Asia;2010;$229M
Kuaigou Dache;$1B;13.07.2018;Supply chain, logistics, & delivery;Tianjin;China;Asia;2014;$650M
LifeMiles;$1B;13.07.2015;Other;Bogota;Colombia;South America;2011;$344M
LinkSure Network;$1B;01.01.2015;Mobile & telecommunications;Shanghai;China;Asia;2013;$52M
MobiKwik;$1B;13.10.2021;Fintech;Gurugram;India;Asia;2009;$249M
Modernizing Medicine;$1B;10.05.2017;Health;Boca Raton;United States;North America;2010;$394M
OVH;$1B;15.08.2016;Other;Roubaix;France;Europe;1999;$1B
Phenom People;$1B;07.04.2021;Internet software & services;Ambler;United States;North America;2011;$163M
Pipa Coding;$1B;25.03.2021;Edtech;Beijing;China;Asia;2017;$268M
Qingting FM;$1B;02.06.2021;Internet software & services;Shanghai;China;Asia;2011;$164M
Rad Power Bikes;$1B;28.10.2021;Auto & transportation;Seattle;United States;North America;2007;$329M
Shukun Technology;$1B;16.08.2021;Artificial Intelligence;Beijing;China;Asia;2017;$211M
Shulan Health;$1B;01.03.2021;Health;Hangzhou;China;Asia;2015;$43M
SITECH DEV;$1B;16.05.2019;Other;Guiyang;China;Asia;2017;Unknown
Snapdeal;$1B;21.05.2014;E-commerce & direct-to-consumer;New Delhi;India;Asia;2008;$2B
SumUp;$1B;16.07.2019;Fintech;London;United Kingdom;Europe;2011;$1B
TalkingData;$1B;06.01.2021;Mobile & telecommunications;Beijing;China;Asia;2013;$310M
TUNGEE;$1B;15.12.2021;Artificial Intelligence;Guangzhou;China;Asia;2016;$171M
UISEE Technology;$1B;25.01.2021;Supply chain, logistics, & delivery;Beijing;China;Asia;2016;$154M
Valgen Medtech;$1B;06.05.2021;Health;Hangzhou;China;Asia;2015;$188M
Vectra Networks;$1B;29.04.2021;Artificial intelligence;San Jose;United States;North America;2011;$352M
Venafi;$1B;10.12.2020;Cybersecurity;Salt Lake City;United States;North America;2000;$174M
Wacai;$1B;18.07.2018;Mobile & telecommunications;Hangzhou;China;Asia;2009;$369M
WeBull;$1B;18.02.2021;Fintech;Changsha;China;Asia;2016;$230M
WTOIP;$1B;08.04.2018;Internet software & services;Guangzhou;China;Asia;2013;$307M
Xiaobing;$1B;12.07.2021;Fintech;Beijing;China;Asia;2020;Unknown
Xiaoe Tech;$1B;15.06.2021;Internet software & services;Shenzhen;China;Asia;2015;$149M
Yiguo;$1B;09.11.2016;Supply chain, logistics, & delivery;Shanghai;China;Asia;2005;$800M
Yimidida;$1B;14.01.2019;Supply chain, logistics, & delivery;Shanghai;China;Asia;2015;$554M
Yipin Shengxian;$1B;11.03.2019;E-commerce & direct-to-consumer;Hefei;China;Asia;2017;$658M
Ynsect;$1B;21.02.2019;Other;Evry;France;Europe;2011;$393M
Hello TransTech;$1B;01.06.2018;Auto & transportation;Shanghai;China;Asia;2016;$2B
Miaoshou Doctor;$1B;27.06.2019;E-commerce & direct-to-consumer;Beijing;China;Asia;2015;$947M
ECARX;$1B;26.10.2020;Auto & transportation;Wuhan;China;Asia;2016;$394M
Eat Just;$1B;30.11.2017;Consumer & retail;San Francisco;United States;North America;2011;$440M
Trumid;$1B;15.07.2020;Fintech;New York;United States;North America;2014;$660M
Qualia;$1B;21.12.2020;Fintech;San Francisco;United States;North America;2015;$160M
Beisen;$1B;11.05.2021;Internet software & services;Beijing;China;Asia;2002;$388M
Earnix;$1B;21.02.2021;Fintech;Giv'atayim;Israel;Asia;2001;$98M
Kujiale;$1B;25.10.2019;Internet software & services;Hangzhou;China;Asia;2011;$235M
Orca Security;$1B;23.03.2021;Cybersecurity;Portland;United States;North America;2019;$632M
Apus Group;$1B;16.01.2015;Mobile & telecommunications;Beijing;China;Asia;2014;$116M
Forte Labs;$1B;12.05.2021;Fintech;San Francisco;United States;North America;2018;$910M
CureFit;$1B;10.11.2021;Health;Bengaluru;India;Asia;2016;$665M
DT Dream;$1B;08.06.2017;Data management & analytics;Hangzhou;China;Asia;2015;$267M
fabric;$1B;24.02.2022;E-commerce & direct-to-consumer;Bellevue;United States;North America;2017;$294M
JOLLY Information Technology;$1B;29.05.2018;E-commerce & direct-to-consumer;Hangzhou;China;Asia;2008;$96M
K Health;$1B;19.01.2021;Health;New York;United States;North America;2016;$271M
Mofang Living;$1B;13.04.2016;E-commerce & direct-to-consumer;Shanghai;China;Asia;2009;$650M
Spendesk;$1B;18.01.2022;Fintech;Paris;France;Europe;2015;$314M
TaxBit;$1B;04.08.2021;Fintech;Draper;United States;North America;2018;$236M
XiaoZhu;$1B;01.11.2017;Travel;Beijing;China;Asia;2012;$572M
Yijiupi;$1B;20.09.2018;Consumer & retail;Beijing;China;Asia;2014;$511M
YunQuNa;$1B;29.06.2021;Supply chain, logistics, & delivery;Shanghai;China;Asia;2015;$207M
Bordrin Motors;$1B;03.06.2019;Auto & transportation;Shanghai;China;Asia;2016;$362M
Aleo;$1B;07.02.2022;Cybersecurity;San Francisco;United States;North America;2019;$228M
Coocaa;$1B;16.03.2018;Hardware;Shenzhen;China;Asia;2006;$218M
Gymshark;$1B;14.08.2020;E-commerce & direct-to-consumer;Solihull;United Kingdom;Europe;2012;$262M
M1 Finance;$1B;14.07.2021;Fintech;Chicago;United States;North America;2015;$323M
Ouyeel;$1B;27.06.2019;Internet software & services;Shanghai;China;Asia;2015;$432M
SonderMind;$1B;28.07.2021;Health;Denver;United States;North America;2014;$183M
Astranis Space Technologies;$1B;14.04.2021;Mobile & telecommunications;San Francisco;United States;North America;2015;$303M
Away;$1B;15.05.2019;E-commerce & direct-to-consumer;New York;United States;North America;2015;$181M
Cabify;$1B;22.01.2018;Auto & transportation;Madrid;Spain;Europe;2011;$407M
Clarify Health;$1B;05.04.2022;Health;San Francisco;United States;North America;2015;$328M
Coda;$1B;08.07.2021;Internet software & services;Mountain View;United States;North America;2014;$240M
Deezer;$1B;02.08.2018;Internet software & services;Paris;France;Europe;2007;$532M
Degreed;$1B;13.04.2021;Edtech;Pleasanton;United States;North America;2012;$318M
Deliverect;$1B;24.01.2022;Fintech;Ghent;Belgium;Europe;2018;$237M
Envoy;$1B;11.01.2022;Internet software & services;San Francisco;United States;North America;2013;$170M
Epidemic Sound;$1B;11.03.2021;Internet software & services;Stockholm;Sweden;Europe;2009;$509M
Figment;$1B;20.12.2021;Internet software & services;Toronto;Canada;North America;2018;$165M
Firebolt;$1B;26.01.2022;Data management & analytics;Tel Aviv;Israel;Asia;2019;$264M
Five Star Business Finance;$1B;26.03.2021;Other;Chennai;India;Asia;1984;$456M
GupShup;$1B;08.04.2021;Internet software & services;San Francisco;United States;North America;2011;$384M
Kong;$1B;31.12.2020;Internet software & services;San Francisco;United States;North America;2007;$169M
Koudai;$1B;23.10.2014;E-commerce & direct-to-consumer;Beijing;China;Asia;2010;$368M
Panther Labs;$1B;02.12.2021;Cybersecurity;San Francisco;United States;North America;2018;$141M
Papa;$1B;04.11.2021;Health;Miami;United States;North America;2016;$241M
Pristyn Care;$1B;07.12.2021;Health;Gurugram;India;Asia;2018;$177M
Rebel Foods;$1B;07.10.2021;E-commerce & direct-to-consumer;Pune;India;Asia;2011;$521M
Salt Security;$1B;10.02.2022;Cybersecurity;Palo Alto;United States;North America;2016;$271M
Scalable Capital;$1B;08.06.2021;Fintech;Munich;Germany;Europe;2014;$314M
SparkCognition;$1B;25.01.2022;Artificial intelligence;Austin;United States;North America;2013;$286M
Stash;$1B;03.02.2021;Fintech;New York;United States;North America;2015;$426M
Symphony;$1B;16.05.2017;Fintech;New York;United States;North America;2014;$511M
Tripledot;$1B;14.02.2022;Mobile & telecommunications;London;United Kingdom;Europe;2017;$202M
VideoAmp;$1B;21.10.2021;Internet software & services;Los Angeles;United States;North America;2014;$382M
Yidian Zixun;$1B;17.10.2017;Mobile & telecommunications;Beijing;China;Asia;2021;$151M
Yotpo;$1B;18.03.2021;Internet software & services;New York;United States;North America;2011;$436M
Neon;$1B;14.02.2022;Fintech;Sao Paulo;Brazil;South America;2016;$720M
Veepee;$1B;02.07.2007;E-commerce & direct-to-consumer;La Plaine Saint-Denis;France;Europe;2001;Unknown
Alloy;$1B;30.09.2021;Fintech;New York;United States;North America;2015;$156M
Epirus;$1B;14.02.2022;Other;Hawthorne;United States;North America;2018;$287M
Klook;$1B;07.08.2018;Travel;Central;Hong Kong;Asia;2014;$722M
Yaoshibang;$1B;15.06.2021;Health;Guangzhou;China;Asia;2015;$496M
Signifyd;$1B;15.04.2021;Fintech;San Jose;United States;North America;2011;$390M
Motorway;$1B;29.11.2021;E-commerce & direct-to-consumer;London;United Kingdom;Europe;2017;$276M
RIDI;$1B;24.01.2022;E-commerce & direct-to-consumer;Seoul;South Korea;Asia;2008;$178M
Athletic Greens;$1B;25.01.2022;Health;New York;United States;North America;2010;$115M
GPclub;$1B;22.10.2018;Other;Seoul;South Korea;Asia;2003;$67M
Grove Collaborative;$1B;06.09.2019;E-commerce & direct-to-consumer;San Francisco;United States;North America;2016;$475M
Tongdun Technology;$1B;25.04.2019;Cybersecurity;Hangzhou;China;Asia;2013;$252M
Unisound;$1B;19.07.2018;Artificial intelligence;Beijing;China;Asia;2012;$361M
Betterment;$1B;29.09.2021;Fintech;New York;United States;North America;2010;$335M
Cava Group;$1B;27.04.2021;Other;Washington;United States;North America;2010;$738M
CoinTracker;$1B;27.01.2022;Fintech;San Francisco;United States;North America;2017;$102M
DistroKid;$1B;16.08.2021;Internet software & services;New York;United States;North America;2013;Unknown
Domestika;$1B;27.01.2022;Internet software & services;Berkeley;United States;North America;2012;$130M
Flock Freight;$1B;20.10.2021;Supply chain, logistics, & delivery;Encinitas;United States;North America;2015;$399M
InSightec;$1B;06.03.2020;Health;Tirat Carmel;Israel;Asia;1999;$633M
Island;$1B;23.03.2022;Internet software & services;Dallas;United States;North America;2020;$215M
iTrustCapital;$1B;11.01.2022;Fintech;Long Beach;United States;North America;2018;$128M
Konfio;$1B;29.09.2021;Fintech;Mexico City;Mexico;North America;2013;$378M
LinkTree;$1B;16.03.2022;Internet software & services;Melbourne;Australia;Oceania;2016;$166M
Loadsmart;$1B;01.02.2022;Supply chain, logistics, & delivery;New York;United States;North America;2014;$336M
Lukka;$1B;14.01.2022;Fintech;New York;United States;North America;2014;$201M
Manner;$1B;24.12.2020;Other;Shanghai;China;Asia;2015;$10M
The Brandtech Group;$1B;19.11.2019;Other;New York;United States;North America;2015;$610M
TravelPerk;$1B;12.01.2022;Travel;Barcelona;Spain;Europe;2015;$408M
YugaByte;$1B;28.10.2021;Data management & analytics;Sunnyvale;United States;North America;2016;$291M
Intercom;$1B;27.03.2018;Internet software & services;San Francisco;United States;North America;2011;$241M
OVO Energy;$1B;14.02.2019;Other;Bristol;United Kingdom;Europe;2009;$324M
BigID;$1B;16.12.2020;Cybersecurity;New York;United States;North America;2015;$246M
CaptivateIQ;$1B;26.01.2022;Fintech;San Francisco;United States;North America;2014;$165M
Flipdish;$1B;13.01.2022;Internet software & services;Dublin;Ireland;Europe;2015;$157M
Honor Technology;$1B;05.10.2021;Internet software & services;San Francisco;United States;North America;2014;$325M
Incode Technologies;$1B;07.12.2021;Cybersecurity;San Francisco;United States;North America;2015;$257M
Kuaikan Manhua;$1B;01.12.2017;Internet software & services;Beijing;China;Asia;2014;$594M
Marshmallow;$1B;08.09.2021;Fintech;London;United Kingdom;Europe;2017;$116M
Mythical Games;$1B;04.11.2021;Internet software & services;Sherman Oaks;United States;North America;2018;$260M
Route;$1B;21.01.2022;Supply chain, logistics, & delivery;Lehi;United States;North America;2018;$482M
Tackle.io;$1B;21.12.2021;Internet software & services;Boise;United States;North America;2016;$148M
Nexii;$1B;08.09.2021;Other;Vancouver;Canada;North America;2020;$45M
GalaxySpace;$1B;17.11.2020;Mobile & telecommunications;Beijing;China;Asia;2016;$14M
Insider;$1B;28.02.2022;Internet software & services;Istanbul;Turkey;Europe;2012;$167M
Spiber;$1B;08.09.2021;Other;Tsuruoka;Japan;Asia;2007;$520M
Ada Support;$1B;07.05.2021;Artificial intelligence;Toronto;Canada;North America;2016;$191M
AgentSync;$1B;07.12.2021;Fintech;Denver;United States;North America;2018;$111M
Alation;$1B;03.06.2021;Internet software & services;Redwood City;United States;North America;2012;$192M
BigPanda;$1B;12.01.2022;Artificial intelligence;Mountain View;United States;North America;2012;$317M
CarDekho;$1B;13.10.2021;E-commerce & direct-to-consumer;Jaipur;India;Asia;2008;$448M
Copado;$1B;13.09.2021;Data management & analytics;Chicago;United States;North America;2013;$271M
DailyPay;$1B;18.05.2021;Fintech;New York;United States;North America;2016;$189M
FloQast;$1B;21.07.2021;Fintech;Los Angeles;United States;North America;2013;$230M
Gem;$1B;28.09.2021;Internet software & services;San Francisco;United States;North America;2017;$148M
GrubMarket;$1B;14.09.2021;E-commerce & direct-to-consumer;San Francisco;United States;North America;2013;$382M
Helium Systems;$1B;22.02.2022;Internet software & services;San Francisco;United States;North America;2013;$365M
Inari;$1B;12.05.2021;Other;Cambridge;United States;North America;2016;$337M
Jokr;$1B;02.12.2021;E-commerce & direct-to-consumer;New York;United States;North America;2021;$430M
LivSpace;$1B;08.02.2022;E-commerce & direct-to-consumer;Bengaluru;India;Asia;2015;$427M
Merama;$1B;09.12.2021;E-commerce & direct-to-consumer;Mexico City;Mexico;North America;2020;$345M
MindTickle;$1B;03.08.2021;Internet software & services;San Francisco;United States;North America;2012;$281M
MyGlamm;$1B;10.11.2021;E-commerce & direct-to-consumer;Mumbai;India;Asia;2015;$310M
Oda;$1B;02.06.2021;E-commerce & direct-to-consumer;Oslo;Norway;Europe;2013;$337M
Offchain Labs;$1B;31.08.2021;Internet software & services;Princeton;United States;North America;2018;$124M
Phantom;$1B;31.01.2022;Fintech;San Francisco;United States;North America;2021;$118M
Pilot.com;$1B;26.03.2021;Fintech;San Francisco;United States;North America;2016;$161M
Prime Medicine;$1B;13.07.2021;Health;Cambridge;United States;North America;2019;$315M
Public;$1B;17.02.2021;Fintech;New York;United States;North America;2008;$309M
Qumulo;$1B;16.07.2020;Data management & analytics;Seattle;United States;North America;2012;$347M
Rohlik;$1B;01.07.2021;Supply chain, logistics, & delivery;Prague;Czech Republic;Europe;2019;$380M
SeekOut;$1B;12.01.2022;Internet software & services;Bellevue;United States;North America;2017;$189M
SmartMore;$1B;24.06.2021;Artificial Intelligence;Shenzhen;China;Asia;2019;$300M
Tealium;$1B;03.02.2021;Internet software & services;San Diego;United States;North America;2008;$264M
UpGrad;$1B;09.08.2021;Edtech;Mumbai;India;Asia;2015;$194M
Workhuman;$1B;23.06.2020;Internet software & services;Dublin;Ireland;Europe;1999;$9M
Xpressbees;$1B;09.02.2022;Supply chain, logistics, & delivery;Pune;India;Asia;2012;$573M
L&P Cosmetic;$1B;01.01.2016;Consumer & retail;Seoul;South Korea;Asia;2009;$33M
Mininglamp Technology;$1B;27.03.2019;Artificial intelligence;Beijing;China;Asia;2014;$787M
Luoji Siwei;$1B;20.07.2017;Edtech;Beijing;China;Asia;2012;$144M
IRL;$1B;15.06.2021;Internet software & services;San Francisco;United States;North America;2017;$197M
Modern Health;$1B;11.02.2021;Health;San Francisco;United States;North America;2017;$167M
Tuhu;$1B;15.09.2018;Auto & transportation;Shanghai;China;Asia;2011;$875M
CloudBees;$1B;09.12.2021;Data management & analytics;San Jose;United States;North America;2010;$236M
Elemy;$1B;06.10.2021;Health;San Francisco;United States;North America;2019;$323M
Guideline;$1B;16.06.2021;Fintech;San Mateo;United States;North America;2015;$339M
Happy Money;$1B;08.02.2022;Fintech;Tustin;United States;North America;2009;$192M
Rebellion Defense;$1B;16.09.2021;Artificial intelligence;Washington DC;United States;North America;2019;$150M
STORD;$1B;13.09.2021;Supply chain, logistics, & delivery;Atlanta;United States;North America;2015;$205M
At-Bay;$1B;27.07.2021;Fintech;Mountain View;United States;North America;2016;$292M
TELD;$1B;16.12.2019;Fintech;Qingdao;China;Asia;2014;$396M
Acko General Insurance;$1B;28.10.2021;Fintech;Bengaluru;India;Asia;2016;$458M
apna;$1B;15.09.2021;Internet software & services;Bengaluru;India;Asia;2019;$193M
Beyond Identity;$1B;22.02.2022;Cybersecurity;New York;United States;North America;2019;$205M
Carousell;$1B;15.09.2021;E-commerce & direct-to-consumer;;Singapore;Asia;2012;$288M
Chief;$1B;31.03.2022;Other;New York;United States;North America;2019;$140M
CoinDCX;$1B;10.08.2021;Fintech;Maharashtra;India;Asia;2017;$109M
Daily Harvest;$1B;16.11.2021;E-commerce & direct-to-consumer;New York;United States;North America;2014;$120M
Enpal;$1B;18.10.2021;Internet software & services;Berlin;Germany;Europe;2017;$304M
eSentire;$1B;22.02.2022;Cybersecurity;Waterloo;Canada;North America;2001;$186M
Firefly Aerospace;$1B;04.05.2021;Other;Cedar Park;United States;North America;2014;$172M
Fundbox;$1B;30.11.2021;Fintech;San Francisco;United States;North America;2013;$404M
G2;$1B;22.06.2021;Internet software & services;Chicago;United States;North America;2012;$258M
Gaussian Robotics;$1B;10.11.2021;Hardware;Shanghai;China;Asia;2013;$325M
GetYourGuide;$1B;16.05.2019;Travel;Berlin;Germany;Europe;2009;$656M
GlobalBees;$1B;28.12.2021;E-commerce & direct-to-consumer;New Delhi;India;Asia;2021;$185M
Ivalua;$1B;21.05.2019;Fintech;Redwood City;United States;North America;2000;$134M
Juanpi;$1B;14.04.2016;E-commerce & direct-to-consumer;Wuhan;China;Asia;2012;$136M
Karat;$1B;13.10.2021;Internet software & services;Seattle;United States;North America;2014;$169M
LEAD School;$1B;13.01.2022;Edtech;Andheri;India;Asia;2012;$166M
Nexthink;$1B;08.02.2021;Data management & analytics;Prilly;Switzerland;Europe;2004;$346M
People.ai;$1B;11.08.2021;Internet software & services;San Francisco;United States;North America;2017;$200M
Pharmapacks;$1B;12.11.2020;E-commerce & direct-to-consumer;Islandia;United States;North America;2010;$433M
Rightway;$1B;30.03.2021;Health;New York;United States;North America;2017;$130M
Sennder;$1B;14.01.2021;Supply chain, logistics, & delivery;Berlin;Germany;Europe;2015;$340M
Sisense;$1B;09.01.2020;Data management & analytics;New York;United States;North America;2004;$274M
Staffbase;$1B;15.03.2022;Internet software & services;Chemnitz;Germany;Europe;2014;$307M
Sunbit;$1B;20.05.2021;Fintech;Los Angeles;United States;North America;2016;$210M
TangoMe;$1B;20.03.2014;Mobile & telecommunications;Mountain View;United States;North America;2009;$361M
The Bank of London;$1B;30.11.2021;Fintech;London;United Kingdom;Europe;2018;$90M
Zego;$1B;09.03.2021;Fintech;London;United Kingdom;Europe;2016;$202M
Nxin;$1B;18.09.2018;Internet software & services;Beijing;China;Asia;2015;$53M
Mamaearth;$1B;28.12.2021;E-commerce & direct-to-consumer;Gurgaon;India;Asia;2016;$111M
Radius Payment Solutions;$1B;27.11.2017;Fintech;Crewe;United Kingdom;Europe;1990;$200M
Rivigo;$1B;11.07.2019;Supply chain, logistics, & delivery;Gurgaon;India;Asia;2014;$247M
Rubicon;$1B;25.08.2017;Other;Atlanta;United States;North America;2008;$223M
Socar;$1B;16.10.2020;Auto & transportation;Jeju-do;South Korea;Asia;2012;$408M
MobileCoin;$1B;07.07.2021;Fintech;San Francisco;United States;North America;2018;$107M
Density;$1B;10.11.2021;Hardware;San Francisco;United States;North America;2014;$217M
Instabase;$1B;21.10.2019;Data management & analytics;San Francisco;United States;North America;2015;$132M
Jiuxian;$1B;30.07.2015;E-commerce & direct-to-consumer;Beijing;China;Asia;2009;$250M
Matrixport;$1B;01.06.2021;Fintech;;Singapore;Asia;2019;$100M
Mixpanel;$1B;15.11.2021;Internet software & services;San Francisco;United States;North America;2009;$277M
Sendbird;$1B;06.04.2021;Mobile & telecommunications;San Mateo;United States;North America;2013;$221M
OrCam Technologies;$1B;20.02.2018;Artificial intelligence;Jerusalem;Israel;Asia;2010;$86M
Leap Motor;$1B;20.11.2018;Auto & transportation;Hangzhou;China;Asia;2015;$1B
1KMXC;$1B;30.08.2021;Hardware;Hangzhou;China;Asia;2014;$86M
58 Daojia;$1B;12.10.2015;Internet software & services;Beijing;China;Asia;2014;$300M
Agile Robots;$1B;09.09.2021;Hardware;Munich;Germany;Europe;2018;$240M
Aibee;$1B;13.04.2021;Artificial intelligence;Beijing;China;Asia;2017;$273M
Aircall;$1B;23.06.2021;Internet software & services;New York;United States;North America;2014;$226M
Ajaib;$1B;04.10.2021;Fintech;Jakarta;Indonesia;Asia;2018;$245M
Alto Pharmacy;$1B;30.01.2020;Health;San Francisco;United States;North America;2015;$524M
Amagi;$1B;16.03.2022;Internet software & services;Bengaluru;India;Asia;2008;$240M
Amount;$1B;17.05.2021;Fintech;Chicago;United States;North America;2019;$243M
Amperity;$1B;13.07.2021;Artificial intelligence;Seattle;United States;North America;2016;$187M
Anyscale;$1B;07.12.2021;Artificial Intelligence;Berkeley;United States;North America;2019;$160M
Aptos;$1B;15.03.2022;Internet software & services;Palo Alto;United States;North America;2021;$200M
Aqua Security;$1B;10.03.2021;Cybersecurity;Ramat Gan;Israel;Asia;2015;$265M
Assembly;$1B;21.09.2021;Internet software & services;Culver City;United States;North America;2019;Unknown
Assent;$1B;06.01.2022;Supply chain, logistics, & delivery;Ottawa;Canada;North America;2010;$534M
Augury;$1B;26.10.2021;Artificial intelligence;New York;United States;North America;2011;$294M
Axelar;$1B;15.02.2022;Internet software & services;Waterloo;Canada;North America;2020;$64M
Axiom Space;$1B;16.02.2021;Other;Houston;United States;North America;2016;$150M
Banma Network Technologies;$1B;13.09.2018;Auto & transportation;Shanghai;China;Asia;2015;$697M
BeiBei;$1B;22.01.2015;E-commerce & direct-to-consumer;Hangzhou;China;Asia;2011;$224M
BenevolentAI;$1B;02.06.2015;Artificial intelligence;London;United Kingdom;Europe;2013;$292M
Berlin Brands Group;$1B;01.09.2021;E-commerce & direct-to-consumer;Berlin;Germany;Europe;2005;$800M
Betterfly;$1B;01.02.2022;Artificial intelligence;Santiago;Chile;South America;2018;$205M
BitFury;$1B;06.11.2018;Hardware;Amsterdam;Netherlands;Europe;2011;$170M
BlackBuck;$1B;22.07.2021;Supply chain, logistics, & delivery;Bengaluru;India;Asia;2015;$352M
Bluecore;$1B;05.08.2021;Artificial intelligence;New York;United States;North America;2013;$238M
BlueVoyant;$1B;23.02.2022;Cybersecurity;New York;United States;North America;2017;$526M
bolttech;$1B;01.07.2021;Fintech;;Singapore;Asia;2018;$210M
Boom Supersonic;$1B;16.12.2020;Other;Englewood;United States;North America;2014;$241M
Bringg;$1B;16.06.2021;Supply chain, logistics, & delivery;Tel Aviv;Israel;Asia;2013;$185M
C2FO;$1B;07.08.2019;Fintech;Leawood;United States;North America;2008;$538M
Cadence;$1B;14.12.2021;Health;New York;United States;North America;2020;$141M
CAIS;$1B;11.01.2022;Fintech;New York;United States;North America;2009;$406M
Cameo;$1B;30.03.2021;Internet software & services;Chicago;United States;North America;2016;$165M
Capsule;$1B;28.04.2021;Health;New York;United States;North America;2016;$570M
CargoX;$1B;21.10.2021;Supply chain, logistics, & delivery;Sao Paulo;Brazil;South America;2015;$390M
Carro;$1B;14.06.2021;E-commerce & direct-to-consumer;;Singapore;Asia;2015;$595M
Carson Group;$1B;14.07.2021;Fintech;Lincoln;United States;North America;2012;Unknown
CHEQ;$1B;22.02.2022;Cybersecurity;New York;United States;North America;2014;$182M
Chronosphere;$1B;07.10.2021;Data management & analytics;New York;United States;North America;2019;$254M
Cider;$1B;02.09.2021;E-commerce & direct-to-consumer;;Hong Kong;Asia;2020;$140M
Clara;$1B;06.12.2021;Fintech;Mexico City;Mexico;North America;2020;$109M
Clearcover;$1B;13.04.2021;Fintech;Chicago;United States;North America;2016;$305M
CommerceIQ;$1B;21.03.2022;Artificial Intelligence;Palo Alto;United States;North America;2012;$196M
Contrast Security;$1B;09.11.2021;Cybersecurity;Los Altos;United States;North America;2014;$269M
Darwinbox;$1B;25.01.2022;Internet software & services;Hyderabad;India;Asia;2015;$107M
Dental Monitoring;$1B;21.10.2021;Health;Paris;France;Europe;2014;$232M
DianRong;$1B;02.08.2017;E-commerce & direct-to-consumer;Shanghai;China;Asia;2012;$549M
Drata;$1B;08.11.2021;Cybersecurity;San Diego;United States;North America;2020;$128M
DriveNets;$1B;27.01.2021;Internet software & services;Ra'anana;Israel;Asia;2015;$325M
Dune Analytics;$1B;02.02.2022;Data management & analytics;Oslo;Norway;Europe;2018;$79M
Dxy.cn;$1B;10.04.2018;Health;Hangzhou;China;Asia;2000;$682M
EBANX;$1B;16.10.2019;Fintech;Curitiba;Brazil;South America;2012;$460M
EcoFlow;$1B;10.06.2021;Hardware;Shenzhen;China;Asia;2017;$105M
Electric;$1B;29.03.2022;Cybersecurity;New York;United States;North America;2016;$209M
Emerging Markets Property Group;$1B;28.04.2020;Other;Dubai;United Arab Emirates;Asia;2015;$279M
Esusu;$1B;27.01.2022;Fintech;New York;United States;North America;2015;$145M
Evidation;$1B;22.03.2021;Health;San Mateo;United States;North America;2012;$259M
Expel;$1B;18.11.2021;Cybersecurity;Herndon;United States;North America;2016;$258M
Fabric;$1B;26.10.2021;Supply chain, logistics, & delivery;New York;United States;North America;2015;$294M
Feedzai;$1B;24.03.2021;Artificial intelligence;San Mateo;United States;North America;2009;$277M
Fever Labs;$1B;26.01.2022;Internet software & services;New York;United States;North America;2012;$299M
Fiture;$1B;14.04.2021;Health;Chengdu;China;Asia;2019;$391M
FLASH;$1B;16.03.2022;Fintech;Austin;United States;North America;2011;$314M
Flash Express;$1B;01.02.2021;Supply chain, logistics, & delivery;Bangkok;Thailand;Asia;2017;$350M
FlashEx;$1B;27.08.2018;Supply chain, logistics, & delivery;Beijing;China;Asia;2014;$359M
Fractal Analytics;$1B;05.01.2022;Data management & analytics;Mumbai;India;Asia;2000;$685M
Freshbooks;$1B;10.08.2021;Fintech;Toronto;Canada;North America;2004;$156M
FXiaoKe;$1B;02.07.2015;Mobile & telecommunications;Beijing;China;Asia;2011;$283M
Gauntlet Networks;$1B;07.03.2022;Fintech;New York;United States;North America;2018;$45M
Geek+;$1B;21.11.2018;Hardware;Beijing;China;Asia;2015;$439M
Gelato;$1B;16.08.2021;E-commerce & direct-to-consumer;Oslo;Norway;Europe;2007;$269M
Glia;$1B;21.03.2022;Fintech;New York;United States;North America;2012;$152M
GO1;$1B;19.07.2021;Internet software & services;Brisbane;Australia;Oceania;2015;$284M
Groq;$1B;14.04.2021;Artificial intelligence;Mountain View;United States;North America;2016;$362M
Hailo;$1B;12.10.2021;Artificial intelligence;Tel Aviv;Israel;Asia;2017;$221M
Haomao.AI;$1B;22.12.2021;Artificial Intelligence;Beijing;China;Asia;2019;$157M
Hasura;$1B;22.02.2022;Internet software & services;Bengaluru;India;Asia;2017;$137M
HAYDON;$1B;24.09.2021;Consumer & retail;Shanghai;China;Asia;2020;$100M
Heyday;$1B;16.11.2021;E-commerce & direct-to-consumer;Chicago;United States;North America;2017;$800M
HMD Global;$1B;21.05.2018;Mobile & telecommunications;Espoo;Finland;Europe;2016;$330M
Hotmart;$1B;17.03.2020;E-commerce & direct-to-consumer;Amsterdam;Netherlands;Europe;2011;$127M
Huike Group;$1B;24.05.2018;Edtech;Beijing;China;Asia;2010;$302M
Human Interest;$1B;04.08.2021;Fintech;San Francisco;United States;North America;2015;$337M
Ibotta;$1B;06.08.2019;Fintech;Denver;United States;North America;2011;$93M
iCarbonX;$1B;12.04.2016;Artificial intelligence;Shenzhen;China;Asia;2015;$200M
iFood;$1B;13.11.2018;Supply chain, logistics, & delivery;Osasco;Brazil;South America;2011;$592M
InFarm;$1B;16.12.2021;Other;Berlin;Germany;Europe;2013;$600M
Infobip;$1B;30.07.2020;Mobile & telecommunications;Vodnjan;Croatia;Europe;2006;$200M
Injective Protocol;$1B;20.04.2021;Fintech;New York;United States;North America;2018;$17M
Intellifusion;$1B;22.03.2019;Artificial intelligence;Shenzhen;China;Asia;2014;$173M
Interos;$1B;22.07.2021;Fintech;Arlington;United States;North America;2005;$135M
Iodine Software;$1B;01.12.2021;Data management & analytics;Austin;United States;North America;2010;Unknown
JoyTunes;$1B;21.06.2021;Edtech;Tel Aviv;Israel;Asia;2011;$92M
Kendra Scott;$1B;21.12.2016;Consumer & retail;Austin;United States;North America;2002;Unknown
Kitopi;$1B;01.07.2021;Supply chain, logistics, & delivery;Dubai;United Arab Emirates;Asia;2018;$504M
KnowBox;$1B;30.05.2019;Edtech;Beijing;China;Asia;2014;$306M
Kopi Kenangan;$1B;27.12.2021;Consumer & retail;Jakarta;Indonesia;Asia;2017;$333M
Lamabang;$1B;06.03.2015;E-commerce & direct-to-consumer;Shenzhen;China;Asia;2011;$130M
LayerZero Labs;$1B;30.03.2022;Internet software & services;New York;United States;North America;2021;$143M
Lessen;$1B;30.11.2021;Internet software & services;Scottsdale;United States;North America;2019;$205M
LetsGetChecked;$1B;07.06.2021;Health;Dublin;Ireland;Europe;2015;$263M
Licious;$1B;05.10.2021;E-commerce & direct-to-consumer;Bengaluru;India;Asia;2015;$489M
LinkDoc Technology;$1B;05.07.2018;Health;Beijing;China;Asia;2014;$253M
Locus Robotics;$1B;17.02.2021;Hardware;Wilmington;United States;North America;2014;$299M
Lookout;$1B;10.10.2013;Cybersecurity;San Francisco;United States;North America;2007;$282M
Lydia;$1B;08.12.2021;Fintech;Paris;France;Europe;2011;$263M
MadeiraMadeira;$1B;07.01.2021;E-commerce & direct-to-consumer;Parana;Brazil;South America;2009;$336M
Maimai;$1B;15.11.2017;Mobile & telecommunications;Beijing;China;Asia;2013;$300M
Mammoth Biosciences;$1B;09.09.2021;Health;Brisbane;United States;North America;2017;$265M
Masterworks;$1B;05.10.2021;Fintech;New York;United States;North America;2017;$110M
Maven Clinic;$1B;17.08.2021;Health;New York;United States;North America;2014;$202M
MediaMath;$1B;10.07.2018;Internet software & services;New York;United States;North America;2007;$325M
Meero;$1B;18.06.2019;Artificial intelligence;Paris;France;Europe;2016;$293M
Mensa Brands;$1B;16.11.2021;Other;Bengaluru;India;Asia;2021;$218M
Mia.com;$1B;08.09.2015;E-commerce & direct-to-consumer;Beijing;China;Asia;2011;$232M
Minio;$1B;26.01.2022;Data management & analytics;Palo Alto;United States;North America;2014;$126M
Mobvoi;$1B;06.04.2017;Consumer & retail;Beijing;China;Asia;2012;$252M
Moka;$1B;02.11.2021;Internet software & services;Beijing;China;Asia;2015;$144M
Momenta;$1B;17.10.2018;Artificial intelligence;Beijing;China;Asia;2016;$1B
Morning Consult;$1B;08.06.2021;Internet software & services;Washington DC;United States;North America;2014;$91M
Movile;$1B;12.07.2018;Mobile & telecommunications;Sao Paulo;Brazil;South America;1998;$588M
Mux;$1B;30.04.2021;Internet software & services;San Francisco;United States;North America;2015;$174M
Nature's Fynd;$1B;19.07.2021;Other;Chicago;United States;North America;2012;$463M
Newlink Group;$1B;10.07.2020;E-commerce & direct-to-consumer;Beijing;China;Asia;2016;$655M
News Break;$1B;07.01.2021;Internet software & services;Mountain View;United States;North America;2015;$151M
Newsela;$1B;25.02.2021;Internet software & services;New York;United States;North America;2013;$172M
NIUM;$1B;13.07.2021;Fintech;;Singapore;Asia;2014;$285M
NoBroker;$1B;23.11.2021;Internet software & services;Bengaluru;India;Asia;2014;$424M
Noname Security;$1B;15.12.2021;Cybersecurity;Palo Alto;United States;North America;2020;$220M
Numbrs;$1B;22.08.2019;Fintech;Zurich;Switzerland;Europe;1999;$105M
Omada Health;$1B;23.02.2022;Health;San Francisco;United States;North America;2011;$449M
Omio;$1B;23.10.2018;Travel;Berlin;Germany;Europe;2013;$396M
ONE;$1B;08.12.2021;Internet software & services;;Singapore;Asia;2011;$515M
OpenWeb;$1B;09.11.2021;Internet software & services;New York;United States;North America;2012;$223M
Orbbec Technology;$1B;21.05.2018;Hardware;Shenzhen;China;Asia;2013;$200M
Orca Bio;$1B;17.06.2020;Health;Menlo Park;United States;North America;2016;$192M
Orchard;$1B;09.09.2021;Fintech;New York;United States;North America;2017;$252M
Owkin;$1B;18.11.2021;Artificial Intelligence;New York;United States;North America;2016;$254M
PandaDoc;$1B;22.09.2021;Internet software & services;San Francisco;United States;North America;2016;$51M
Pat McGrath Labs;$1B;16.07.2018;Consumer & retail;New York;United States;North America;2016;$60M
PatSnap;$1B;16.03.2021;Internet software & services;;Singapore;Asia;2007;$352M
Payhawk;$1B;14.02.2022;Fintech;London;United Kingdom;Europe;2018;$239M
Pentera;$1B;11.01.2022;Cybersecurity;Petah Tikva;Israel;Asia;2015;$190M
Pet Circle;$1B;06.12.2021;E-commerce & direct-to-consumer;Alexandria;Australia;Oceania;2011;$125M
PicsArt;$1B;26.08.2021;Mobile & telecommunications;San Francisco;United States;North America;2011;$195M
PLACE;$1B;17.11.2021;Internet software & services;Bellingham;United States;North America;2020;$100M
Placer.ai;$1B;12.01.2022;Artificial intelligence;Los Altos;United States;North America;2016;$166M
Playco;$1B;21.09.2020;Other;Tokyo;Japan;Asia;2020;$140M
Poizon;$1B;29.04.2019;Mobile & telecommunications;Shanghai;China;Asia;2015;Unknown
PPRO;$1B;19.01.2021;Fintech;London;United Kingdom;Europe;2006;$370M
Printful;$1B;24.05.2021;Other;Charlotte;United States;North America;2016;$130M
Quantum Metric;$1B;07.01.2021;Data management & analytics;Colorado Springs;United States;North America;2015;$226M
Quizlet;$1B;13.05.2020;Edtech;San Francisco;United States;North America;2005;$62M
RapidAPI;$1B;23.03.2022;Internet software & services;San Francisco;United States;North America;2015;$273M
Razor;$1B;08.11.2021;Consumer & retail;Berlin;Germany;Europe;2020;$167M
Red Ventures;$1B;07.01.2015;Other;Fort Mill;United States;North America;2000;$250M
REEF Technology;$1B;10.12.2018;Supply chain, logistics, & delivery;Miami;United States;North America;2015;$2B
ReliaQuest;$1B;01.12.2021;Cybersecurity;Tampa;United States;North America;2007;$330M
Revolution Precrafted;$1B;23.10.2017;Other;Manila;Philippines;Asia;2015;$15M
Rothy's;$1B;21.12.2021;Consumer & retail;San Francisco;United States;North America;2016;$484M
SaltPay;$1B;09.04.2021;Fintech;London;United Kingdom;Europe;2019;$1B
Savage X Fenty;$1B;10.02.2021;E-commerce & direct-to-consumer;El Segundo;United States;North America;2018;$310M
Scalapay;$1B;23.02.2022;Fintech;Milan;Italy;Europe;2019;$416M
Scandit;$1B;09.02.2022;Supply chain, logistics, & delivery;Zurich;Switzerland;Europe;2009;$273M
Sentry;$1B;18.02.2021;Other;San Francisco;United States;North America;2011;$127M
Shield AI;$1B;24.08.2021;Artificial intelligence;San Diego;United States;North America;2015;$328M
Shift Technology;$1B;06.05.2021;Artificial intelligence;Paris;France;Europe;2014;$545M
ShipBob;$1B;29.06.2021;Supply chain, logistics, & delivery;Chicago;United States;North America;2014;$331M
Shippo;$1B;02.06.2021;Supply chain, logistics, & delivery;San Francisco;United States;North America;2013;$154M
Sidecar Health;$1B;26.01.2021;Fintech;El Segundo;United States;North America;2018;$163M
Sift;$1B;22.04.2021;Artificial intelligence;San Francisco;United States;North America;2011;$157M
Skydio;$1B;25.02.2021;Supply chain, logistics, & delivery;Redwood City;United States;North America;2014;$340M
Slice;$1B;28.11.2021;Fintech;Bengaluru;India;Asia;2015;$249M
SmartAsset;$1B;24.06.2021;Fintech;New York;United States;North America;2012;$161M
SMS Assist;$1B;07.06.2016;Internet software & services;Chicago;United States;North America;2003;$255M
SnapLogic;$1B;13.12.2021;Internet software & services;San Mateo;United States;North America;2006;$371M
Snorkel AI;$1B;09.08.2021;Artificial intelligence;Palo Alto;United States;North America;2019;$135M
Solo.io;$1B;07.10.2021;Internet software & services;Cambridge;United States;North America;2017;$172M
SoundHound;$1B;03.05.2018;Artificial intelligence;Santa Clara;United States;North America;2005;$215M
Splashtop;$1B;27.01.2021;Internet software & services;San Jose;United States;North America;2006;$114M
Standard;$1B;17.02.2021;Artificial intelligence;San Francisco;United States;North America;2017;$239M
Stytch;$1B;18.11.2021;Cybersecurity;San Francisco;United States;North America;2020;$126M
Swile;$1B;11.10.2021;Fintech;Montpellier;France;Europe;2016;$326M
Tarana Wireless;$1B;23.03.2022;Mobile & telecommunications;Milpitas;United States;North America;2009;$376M
TechStyle Fashion Group;$1B;29.08.2014;E-commerce & direct-to-consumer;El Segundo;United States;North America;2010;$336M
TensTorrent;$1B;05.05.2021;Artificial intelligence;Toronto;Canada;North America;2016;$235M
TERMINUS Technology;$1B;25.10.2018;Hardware;Beijing;China;Asia;2015;$623M
Tezign;$1B;02.11.2021;Internet software & services;Shanghai;China;Asia;2015;$151M
The Zebra;$1B;12.04.2021;E-commerce & direct-to-consumer;Austin;United States;North America;2012;$257M
Thirty Madison;$1B;02.06.2021;Health;New York;United States;North America;1993;$210M
Thought Machine;$1B;29.11.2021;Fintech;London;United Kingdom;Europe;2014;$403M
Timescale;$1B;22.02.2022;Internet software & services;New York;United States;North America;2015;$181M
Tractable;$1B;16.06.2021;Artificial intelligence;London;United Kingdom;Europe;2014;$120M
Tresata;$1B;10.10.2018;Fintech;Charlotte;United States;North America;2011;$51M
TrialSpark;$1B;30.09.2021;Health;New York;United States;North America;2014;$156M
TrueLayer;$1B;21.09.2021;Fintech;London;United Kingdom;Europe;2016;$271M
Unico;$1B;03.08.2021;Artificial intelligence;Sao Paulo;Brazil;South America;2007;$237M
Vagaro;$1B;03.11.2021;Internet software & services;Dublin;United States;North America;2009;$163M
Vedantu;$1B;29.09.2021;Edtech;Bengaluru;India;Asia;2014;$292M
Veev;$1B;24.02.2022;Internet software & services;San Mateo;United States;North America;2008;$585M
Vise;$1B;18.05.2021;Fintech;New York;United States;North America;2016;$128M
Visier;$1B;29.06.2021;Internet software & services;Vancouver;Canada;North America;2010;$217M
VOI;$1B;21.12.2021;Travel;Stockholm;Sweden;Europe;2018;$516M
Vox Media;$1B;12.08.2015;Internet software & services;Washington;United States;North America;2011;$308M
VTS;$1B;07.05.2019;Internet software & services;New York;United States;North America;2012;$187M
Watershed;$1B;08.02.2022;Internet software & services;San Francisco;United States;North America;2019;$70M
Weights & Biases;$1B;13.10.2021;Internet software & services;San Francisco;United States;North America;2017;$200M
WeLab;$1B;08.11.2017;Fintech;;Hong Kong;Asia;2013;$871M
Womai;$1B;12.10.2015;E-commerce & direct-to-consumer;Beijing;China;Asia;2009;$330M
Wrapbook;$1B;10.11.2021;Fintech;New York;United States;North America;2018;$131M
Xendit;$1B;14.09.2021;Fintech;Jakarta;Indonesia;Asia;2014;$215M
XForcePlus;$1B;01.06.2021;Internet software & services;Shanghai;China;Asia;2015;$200M
YH Global;$1B;21.09.2017;Supply chain, logistics, & delivery;Shenzhen;China;Asia;1997;$182M
YipitData;$1B;06.12.2021;Internet software & services;New York;United States;North America;2008;$492M
Yunxuetang;$1B;29.03.2021;Edtech;Suzhou;China;Asia;2011;$389M
Zhaogang;$1B;29.06.2017;E-commerce & direct-to-consumer;Shanghai;China;Asia;2012;$379M
Zhuan Zhuan;$1B;18.04.2017;E-commerce & direct-to-consumer;Beijing;China;Asia;2015;$990M
Zihaiguo;$1B;06.05.2021;Consumer & retail;Chongqing;China;Asia;2018;$80M
Zopa;$1B;19.10.2021;Fintech;London;United Kingdom;Europe;2005;$792M
Zwift;$1B;16.09.2020;E-commerce & direct-to-consumer;Long Beach;United States;North America;2014;$620M
